TITLES,REVIEW,COMMENTS,TIME
LG 스타일러(S5BBP) 후기,"LG 오브제 스타일러 5구 후기입니다.제가 구매한 엘지 오브제 스타일러는 스팀과 바지 칼주름 기능이 포함된 가전이에요.처음에 가전을 구매하려가서 많은 스타일러들을 비교해봤었는데요.거울도어를 가진 스타일러와 끝까지 고민하였으나, 결국 다른 가전들과 색상을 맞춰서 베이지로 구매했어요.거울도어의 경우 사용하다보면 지문이 많이 묻어서 지저분해 보일 수 있다고 하더라고요.​","[['스타일러 고민중인데 알려주셔서 감사합니당ㅎㅎ'], ['스타일러 옷관리도 좋지먀 제습기기능도되서 여름에 한번씩 방에 돌려주면 좋아요ㅎㅎ'], ['스타일러… 저도 꼭 사고싶은 품목이예요!! 부럽습니다 ㅎㅎ'], ['스타일러 호텔에서 써 보았는데, 쓰는 이유가 다 있더라구요~ 현실에서는 꼭 사고 싶은 품목입니다!!!'], ['미세먼지도 심해서 스타일러 넘 좋은거 같아요~! 잘 구매하셨네용'], ['스타일러 저도 갖고픈데~ 넘 이쁘네욥 ㅠㅎㅎ'], ['스타일러가 칼각이라면서요 넘 갖고파여']]",2022.08.20. 21:10
Lg 스타일러 모델명 : s3wfs 후기올려료,제품명 : 스타일러제조사 : LG모델명 : s3wfs​안녕하세요 스타일러 후기 올려볼려고 해요 ㅎ,"[['스타일러 좋아보이네여: 저도 무조건 구매 물품인데 ㅋ'], ['저도 신혼집에 스타일러(에어드레서) 두는 게 로망이었는데 친구들이 먼저 결혼선물로 스타일러 같은 거 어떠냐면서 선물해준다고 해서 넘 고맙고 행복해요~ 삼성 에어드레서 생각 중이었는데 쓰니님 후기글 보니까 스타일러도 좋아보여서 고민되네요..'], ['스타일러 확실히 좋은거같아요! 저도 구매목록중 하나에요~'], ['에어드레서랑 스타일러랑 무한 고민중ㅠㅠㅋㅋㅋㅋ글보니 스타일러도 넘넘 좋아보여요'], ['우와 주름까지 잡을 수있다니 ㅎㅎ 편리하네요 ㅎㅎ'], ['저도 스타일러 구매했는데 좋더라구요.요즘은 장마철이라 제습기로 쓰고 있습니다 ㅋㅋ'], ['저도 스타일러사용중인데 너무 좋아요! 필수템!'], ['스타일러가 글케 좋다고 하던데 부럽습니다!'], ['저도 3벌용으로 사야겠네용 좋을거같아여'], ['저도 스타일러 샀는데 아직 한 번도 안 써봤네요 ㅎㅎ 내일 제습기능 써봐야겠아요']]",2022.08.18. 01:00
다이슨 에어랩 멀티 스타일러 구입했어요,【매장명】  다이슨 뷰티 랩 사운즈 한남【위치】  용산구 한남동 【브랜드】  다이슨【상품명】  에어랩 멀티 스타일러【가격】  699000【구입날짜】  08.08【사이즈리뷰】  【당일 매장영수증】,"[['우왕 유니콘 네이비 잡으셨네요 🦄 축하드려용'], ['감사해요!!'], ['혹시 롱 재고 있을까용??'], ['니켈 컬러로 롱 있다고 들었어요'], ['블루가 젤루다가 이뿌다요🥰👍저는 기존 레드쓰고 있어서 이번에 편리하게 되서 좋은거 같어요!'], ['괜히 색상 고민했나봐요 ㅎㅎㅎ뽕빠지게 쓰고 싶어요'], ['저 슈퍼소닉 이 컬런데 진짜 이뽀요~'], ['진짜 컬러 너무 잘 뽑았어요 케이스랑 찰떡'], ['컴플리트쓰는데 멀티로 갈아타고 싶어요~~ 진짜 이쁘네요~~'], ['안 바꿔도 되어서 그건 편할거 같아요'], ['색깔 넘 이쁘네요~~ 저도 컴플리트 쓴느데~~'], ['색깔 너무 잘 나왔어요'], ['이 컬러 너무 고급스럽고 이쁘네요 핑크랑 레드만 있는 줄 알았는데 고민 한번 들어가 봐야겠습니다.😍'], ['레드는 못 봤어여~ 공홈에서 다시 보고 가세요~~~예약 필수( 예약 힘들어여ㅠ)'], ['영롱 그자체네요...🤍🤍 저도 기본만 쓰구 잇는데 후기 넘넘 궁금해요!!'], ['똥손이라 걱정이 되지만 거기서 배운대로 해볼게요'], ['전 푸시아 잘 쓰고 있는데 색이 진짜 예쁘네요']]",2022.08.08. 14:03
LG 전자 오브제 스타일러 S5GFO 사용후기,"요즘 필수 가전으로 많이 언급되는 스타일러. 살지 말지 고민하는 분들 많으실텐데요, 저도 구매하기전에 고민했었는데 1년 가까이 아주 유용하게 사용하고 있어요.","[['저도 올해말에 큰집으로 이사하면 꼭 스타일러 사려구요~~!!  넘 갖고싶어요 :)'], ['스타일러는 꼭 사야겠군요!'], ['저도 오브제 스타일러 샀어요ㅎㅎ 너무 편하고 좋으네요'], ['그와중에 인형은 왜케 귀엽나요?ㅎㅎㅎ'], ['오브제 스타일러 사고싶어서 후기찾아보는중이였는뎅, 좋네요ㅠㅠ'], ['스타일러 진짜 한번 써보고싶어요'], ['와ㅠㅠ저도 고민하다가 샀는데 엄청 유용하네요!!']]",2022.08.17. 14:52
LG전자 스타일러(S5ROC) 후기입니다.,"솔직히 저는 스타일러를 왜 사야하는지 모르는 사람 중의 한명이었습니다. 아니 그냥 옷은 빨거나 햇빛에 말리면 되지 뭐하러 굳이 스타일러를 사는거지 ?? 라고 생각했었는데요. 배우자의 강력한 주장으로 스타일러를 사고 난 후에 제 생각을 바꾸게 되었습니다. 왜 이렇게 편한걸 이제야 샀지 ?? 라구요.​스타일러를 언제 쓰지 라고 생각했는데 생각보다 쓸 경우가 자주 생기더라구요. 결혼식에 입었던 양복, 한복은 당연하고 조금 여러번 입었던 옷이라든지 관리가 필요한 옷들은 스타일러로 직행해서 깔끔하게 관리할 수 있었습니다.​제일 먼저 저희가 겨울에 입던 롱패딩을 한번 돌려봤었는데요. 드라이를 하지 않았는데도 뽀송뽀송 새 옷마냥 잘 관리가 된 것을 확인할 수 있었습니다. 스타일러의 원리가 고속으로 흔들면서 옷에 묻은 먼지를 털어주고 고온의 스팀으로 살균 및 옷의 관리를 해준다고 하던데 어떤 느낌인지 바로 알 수 있었습니다.​그 이후에는 양복, 원피스, 실크 소재의 한복 등 다양한 옷들을 다 넣어서 돌려봤는데 정말 좋더라구요. 냄새가 나던 옷들도 뽀송뽀송해지고 구겨졌던 옷에 다림질도 잘 되는걸 보고 잘 샀다고 다시 한 번 생각하게 되었습니다.​스타일러를 밤에 돌리면 절대 안된다고 하던데 생각보다 소음도 별로 없어서 참 좋았습니다. 스타일러 정말 사길 잘했어요.​","[['오 스타일러 소음이 별로없나보네요 ㅎㅎ'], ['스타일러 짱짱하네요'], ['http://m.site.naver.com/0XP78""다리미질 No!, 전기세 걱정 No!핫아이템 줍줍하세요""'], ['스타일러 고민 중인데 ㅠ 괜찮다는 후기 보니까 더더 사고싶네요 ㅎ'], ['저도 스타일러를 안써봐서 엄청 고민했는데 다들 쓰시는 분들이 좋다고 하는 걸 보고 고민중입니다!'], ['저도 사서 쓰는데 이거 안샀음 어쩔까 싶었죠 ㅋㅋ'], ['스타일러 한번도 안써봐서 모르겠는데! 엄청 좋은가 보네요ㅎㅎㅎ참고할게요'], ['오 생각보다 스타일러 소음이 안심한가보네요']]",2022.07.29. 08:54
LG 스타일러(S5GF0) 사용 후기 :),"LG 스타일러 S5GF0모델 사용 후기남겨보아요요즘 제가 제일 구매하기 잘했다고 생각하는 제품이에요!정말 가지고 싶기도 했고, 요즘 위생살균이 정말 중요한 터라 생각하고 구매 해보았어요!안에 옷걸이도 태에 맞게 둥근 옷걸이로 구비되어있고, 황사나 미세먼지도 제거 가능하다 하고 옷별로 맞춤 서비스가 되더라구요저는 이제 다가오는 가을에 앞서 입을 니트들을 따로 돌려 보려고 해요또, 더 추워지면 패딩을 입어야하는데 패딩 세탁소에 맡겨도 좋지만 세탁소 가기 번거로울 경우 대비해서 스타일러 이용해서 돌려보려구요 ㅋㅋㅋㅋ이미 여러 옷을 돌려보았는데 확실히 옷이 뽀송뽀송하고 냄새가 너무 좋아요가끔 알림이 울리면 물을 빼줘야 하는 귀찮음이 있지만 그래도 사길 너무 잘했고 강력 추천해요 !예를들어 고깃집 갔을때도 이제는 전혀 걱정없이 먹고 집에와서 바로 돌리는 습관이 생겼어요 ㅎㅎ 옷이 너무 뽀송해서 좋습니다​","[['스타일러 너무 좋아욯ㅎㅎ 날씨가 추워지면 더 잘쓰는거 같아요!'], ['스타일러 저도 갖고싶은데~ 넘 좋아보여요ㅠㅎㅎ!!'], ['스타일러 쓰니까 정말 옷 관리하는게 간편해진것 같아요 ㅎㅎ'], ['스타일러 후기 잘보고갑니다 !']]",2022.08.31. 15:09
스피도프리스타일러26,"●연락처/계좌정보 ​(채팅으로)구매자는 판매자의 전화번호를 꼭 받으세요. ​●판매 제품 정보  ​1.제품명 :  스피도 프리스타일러2.사이즈/색상 :  26.  핑크3.시착횟수(정직하게) : 14.입수횟수(정직하게) :  5.구매처 :  영국스피도6.구매가격 :  40파운드 (한화63,000)7.판매가격 : 50,000(배송비 포함) →일괄 판매시 상품가격은 각각 표기 바랍니다. 8.판매방법 : 댓글순으로 판매 →무조건 댓글 우선순이며, 채팅,쪽지,전화,입금 순서는 인정안됨 9.상품설명/중요정보 : 너무작아서 입을수없음. 28로 교환하실분있으면 환영합니다10.제품사진(실사) :","[['저요'], ['쳇드릴께요'], ['혹시나 줄…'], ['고래님계 판매완료 입니다 감사합니다']]",2022.08.25. 13:16
신혼집 가전소개#3 - 다이슨 에어랩 스타일러 볼륨 앤 쉐이프 HS-01 소개합니다~,안녕하세요 저희 신혼집 가전 소개를 할게요~ 다이슨 에어랩 스타일러 볼륨 앤 쉐이프 예요저는 머리가 길지만  알아주는 똥손이라서 일반 고데기로도 스타일링 하는게 쉽지가 않았어요유튜브로도 보는데도 거진 다이슨 에어랩으로 스타일링을 하는 동영상이 많아 고민 끝에 제 자신에게 선물을 하기로 마음 먹고 다이슨 에어랩 스타일러 볼룸 앤 쉐이프를 구매했어요케이스가 따로 왔지만 저는 편히 쓰기 위에 거치대를 별도로 구매해서 화장대 두고 쓰고 있어요다이슨 에어랩 스타일러 볼륨 앤 쉐이프는 총 4개 헤드를 교체해서 사용 할 수 있어요헤드를 홈에 맞춰서 끼우면 되고 제거 할 때는 잠금버튼을 아래로 내려서 언락 상태에서 빼주면 되요저는 저녁에 머리를 감는데요 머리를 감고 나서 프리스타일링 드라이어로 머리를 말리고 소프트 스무딩 브러시로 머리카락을 빗어요아침에 일어나서 출근준비를 할 때는 주로 라운드 볼륨브러시로 간단하게 스타일링을 하고 출근해요약속이 있거나 외출 할 때 주로 30mm 에어랩 배럴을 사용해요똥손이라서 고데기를 하느라 너무 힘들고 스타일링을 포기하고 다녔는데 이제는 단시간에 예쁘게 스타일링을 하고 나갈 수 있어서 편리하고 좋아요​이상 저희 신혼집 가전 후기였습니다~,"[['오이것도 신혼집 화장대 위에 올려두면 좋을거같아요!'], ['전 이미 화장대위에 올려서 쓰고 있다는 ㅎㅎ 여기서 할인받고 샀었어요.https://blog.naver.com/aass9730/222815362985'], ['와 저도 에어랩 써보고싶어용 ㅋㅋㅋ 넘 좋아보이네여'], ['저도 다이슨 에어랩 너무 사고싶어요 ㅠㅠ'], ['안 그래도 저희 언니가 이거 좋아하더라구요ㅋㅋ'], ['저는 다이슨 슈퍼소닉 쓰는데 에어랩 궁금하긴 하네요 ㅋㅋ'], ['저는 에어랩 컴플리트로 쓰고 있어요 ㅎ 에어랩 없이는 스타일링 못해요 이제'], ['다이슨 에어랩 사고 싶네요ㅜ'], ['다이슨으로 스타일링 잘하시는분들 제일 부러우신 분들 ㅠㅠ']]",2022.08.21. 16:50
[신혼집 가전소개] 엘지 스타일러 s5mbp,"겨울이 되면 스타일러 사고싶다 생각했는데, 비싼 가격 때문에 주저하다가 신혼 가전 구매하면서 할인 가격에 구매했어요!​처음에 3벌짜리와 5벌짜리 중에 고민했는데, 다들 무조건 5벌짜리를 사라고 하더라고요~ 크기가 좀 부담됐지만 코트나 패딩 두 사람꺼 넣으려면 5벌로 사길 잘 한것 같아요! ​스타일러 색상에 따라 차이가 정말 컸어요. 성능은 미세한 차이인데 거의 기능차이는 없다고 봐도 무방하다고 합니다. 블랙이 특가였는데 거의 40만원 차이… 그러나 직접 보니 블랙은 정말 별로더라고요 ㅠ. 미스트브라운이 그 다음으로 저렴했는데, 아무래도 옷방에 있으니 미러로 구매하는 게 좋겠다 싶어서 요금 더 추가하고 구매 했어요. 생각보다 지문도 덜 묻고 완전 만족합니다.","[['저두 스타일러 사용하고싶은데, 은근 가격이 부담되더라구요 ㅜㅜ'], ['매일 정장입을때 필수더라구요'], ['http://m.site.naver.com/0XP78""다리미질 No!, 전기세 걱정 No!지금 구매하세요""'], ['매일 양복입는 직종은 스타일러 있음 유용하다 하더라구요'], ['오 스타일러 좋은가요?!'], ['단독으로 사기엔 좀 아깝고… 신혼가전할 때 할인해서 사면 괜찮을 거 같아요~'], ['스타일러!!!! 저도 너무 사고싶은데ㅠㅠㅠ 부러워용!!'], ['저도 사고싶은 가전 중에 하나인데 예랑이는 정장이나 코트를 거의 안입어서 고민이네요🤣'], ['맞아요! 스타일러는 무조건 큰거 고르는게 최고래요'], ['진짜 스타일러 겨울에 정말좋아요 코트같은거 냄새!!! 짱짱'], ['스타일러 무조건 사고싶은 가전중 하나예요'], ['스타일러 사려고 계획은하고 있는데 어떨때 써야할지 모르겟네용 ㅋㅋㅋㅋ'], ['겨울에만 좀 쓸거 같아용'], ['저희언니도 뉴발 패딩 엄청 넣어놓고는 그뒤로 잘 안쓴다고...']]",2022.08.02. 20:18
롯백에서 다이슨 에어랩 멀티스타일러 샀어요~,"【매장명】 :  롯데백화점 【브랜드】 :  다이슨【제품명】 :  에어랩 멀티스타일러 【가격】 :  699,000【사이즈 정보】 :  일반【상품이미지 3장】 :","[['구상은 신상이 아른아른하네요 ㅎㅎㅎ'], ['새거 나오고 가격도 많이 올랏네요.'], ['새거도 가격이 오르나보군요 ㄷㄷ\n저도 롱하고 차이점이 클지 궁금..♡'], ['비싼 느낌이라고 생각했는데 신상이네요'], ['가격이..!!!'], ['잔머리 잘되는지 궁금하네용 ㅎㅎ']]",2022.08.30. 01:00
LG의 스타일러 의류 관리기 S5BB 사용후기,"안녕하세요, 제가 신혼집까지 가져온 가구들 중 하나인 스타일러를 소개드리려고 합니다!쓰면서 만족했던 부분이 많아서 그대로 들고 왔어요 ㅎㅎ​저는 출근 1시간 반 전에 일어나기 때문에 일어나면 입을 옷을 넣어서 쾌속 모드로 스타일러를 돌립니다.만약 회식이나 냄새가 많이 나는 음식점에 방문한 날에는 퇴근 후에도 스타일러로 옷을 탈탈 털어줍니다.​구입 시기에는 삼성에어드레스가 없었나 그랬어요... 그래서 LG 스타일러로 하긴했지만 디자인, 기능 활용도에서 결코 뒤쳐지지 않는다고 생각합니닷!​저는 미러형이라 못난 제가 비칠 수 있어서... 옆쪽에서 찍었어요~ 지금도 열심히 우리 신혼집을 제습해주고 있는 착한 친구입니다 ㅎㅎ요새 특히 많이 사용하고 있는 건조 기능! 저희 집 스타일러는 드레스룸에 있는데, 스타일러를 오픈 상태로 두고, 건조를 하면 드레스룸이 뽀송뽀송해져요!!!아로마시트까지 넣어놓으면 좋은 향까지 방안에 가득해져요드레스룸 특유에 옷 냄새가 싹! 사라집니다.​동작 후에는 바닥쪽 물버림통을 버려주어야 해요~왼쪽은 물버림통, 오른쪽은 보충해주는 통입니다.동작 전에 보충해주는 통에 물을 넣어주어야 합니다.헷갈리시면 통을 뺀 후에 보면 버리는 쪽은 물 나오는 배출구가 있으니까 참고 부탁드려요~통 사이에는 청소 도구와 시트를 보관할 수 있는 공간이 있습니다. ​","[['스타일러 요즘 필수템인것 같아요ㅎㅎ 사용하는분들 다 좋다고 해서 저도 구매합니다~!'], ['스타일러 진짜 편할 것 같아요! 다들 큰 사이즈를 추천하더라구요'], ['스타일러 선택이라 생각햇는데 후기보니 사고싶에영'], ['저희집거랑 똑같네요 정장입는 집은 꼭 필요해요'], ['너무 좋아보이네요~편해보여요!'], ['스타일러 진짜 좋아요ㅠㅠ요즘 자주 쓰는중이에요'], ['아로마시트 넣는것도 좋네요~! 스타일러 사구파여ㅎㅎ']]",2022.06.27. 23:14
[우리집 가전소개] LG 오브제 스타일러 (S5BBP),​안녕하세요오브제 스타일러를 소개합니다.​가전을 보러갔을때 처음부터 스타일러를 사야겠다고생각했는데 예랑이는 필요성이 없을 것 같다고했는데지금은 저보다 활용도 잘하고 좋아합니다.​저희가 구입한 컬러는 미스티베이지입니다.집안 분위기가 하얀편이라 미스트 그린은 튈것같아베이지로 선택했는데 깔끔하고 좋아요.​3구랑 5구가 있는데 가을 겨울이 되면 코트나 니트를 많이 입어서이용이 많아질 것같아 5구로 구입했습니다.​,"[['스타일러 정말 고민하다가 구매안했는데, 후기 보니 구매안한게 아쉽네요'], ['스타일러가 옷만 돌리는게 아니아 방 제습도 되서 너무 좋더라구요'], ['오 엘지 오브제 후기 감사해요용~ 진짜 고민되더라구오~ ㅠ'], ['스타일러 있으면 정말 좋을거 같아요 ㅎㅎ'], ['저도 같은걸로 사서 오늘 왔어요~반갑네요◡̈'], ['가전은 역시 엘지죠! 3벌짜리보단 돈 더써서 5벌짜리가 더 나은거같아요!'], ['저도 샀는데 잘 안쓰게 되던뎅… 제습으로라도 써야겠네요'], ['가전이 예뻐서 자동으로 인테리어 효과도 있겠어요 ㅎㅎ'], ['확실히 오브제가 고급스럽긴하네요!!'], ['저희도 스타일러 쓰고 있는데 쓰면 확실히 좋지만 생각보다 그렇게 많이 쓰이지는 않는 것 같아요!그래도 필수 가전이라 장만했습니다!'], ['스타일러 살까말까 정말 망설여지는 제품이에요 ㅜ 또 보니 사고싶어지네요 ㅋㅋ'], ['스타일러 자주 사용할까요?? 흠..저도 고민중이긴한데 디자인 보면 완전 인테리어용인것 같기도..근데 필요하긴 할것 같아요.ㅎㅎ여자친구한테 졸라봐야 겠어요 ㅎㅎ']]",2022.07.27. 21:38
우리 신혼집 가전 소개 - LG전자 스타일러 오브제컬렉션 S5GFO,안녕하세요 12월 예신입니다~저희 신혼집 스타일러를 공개할게요!LG전자에서 구입한 스타일러 S5GFO 입니다!,"[['요즘 나오는 스타일러는 소음 없나요? 저도 스타일러 사려고 했다가 쿵쾅거리는 작동소리 때문에 패스했었는데..ㅠㅠ'], ['저도 스타일러는 꼭 사려고 했는데 잘사셨네요 ㅎㅎ'], ['와~ 요즘 같은 날씨에 스타일러 넘 좋을 것 같아요 ㅎㅎ'], ['오 저는 고민중이였는데 만족하신다니 다행이에요 ㅎㅎ'], ['스타일러 요즘 필수템이지용'], ['저도 스타일러를 고를지 말지 정말 많이 고민했는데 그 정도로 옷에 진심이 아닌 편이라 넘겼었어요. 막상 예쁜 오브제 스타일 사진을 보니 다시 마음이 흔들리네용 ㅎㅎㅎㅎㅎ'], ['요즘 LG가전을 보면 그린이 진짜 많은거 같아요ㅎㅎ 촌스러운 그린이 아닌 딥그린으로 너무 이쁜 색상이죠 ㅎㅎ스타일러는 아직까지 살지 말지 고민중인 가전중 하나인데 이렇게 또 보니 확 사고 싶네요 ㅎㅎ'], ['스타일러 요즘 갖고싶었는데 좋아보이네요~~!!ㅎ']]",2022.07.07. 20:41
"우리 신혼집 가전소개-다이슨 에어랩 멀티 스타일러, HS05 394934-01",저희집 다이슨 에어랩을 소개합니다~다이슨의 위엄에 대해 전혀 모르고 살다가 지인이 '다이슨 쓰다가 안 쓰니까 머릿결이 더 상한다'고 한 말을 들었어요!그래서 뭐 드라이기까지 좋은 게 따로 있는 건가? 생각하다가그 후에 다이슨의 가격이나 기능에 알고 나니.. 궁금은 하더라구요!그러던 차에 마침! 다이슨 에어랩 스타일러 컴플리트를 어머니가 선물해주셨어요~딱 처음 쓰는 순간 이건 그냥 드라이기가 아니다. 스마트가전이다! 하는 생각이 들었어요ㅋㅋ제가 이런 걸 잘 안 써봐서 유난일 수도 있지만..ㅋㅋ​,"[['저 진짜 다이슨 에어랩 너무 사고 싶은데, 금액이 왜 자꾸만 오르는지;;'], ['어후 저도 진짜 갖고 싶네요..'], ['http://m.site.naver.com/10wLG""머릿결 손상없음+다양한 스타일링+팔안아픔지금 바로 구매하시죠""'], ['다이슨 에어랩 여기서 할인정보보고 더 오를까봐 그냥 질러버렸어요.https://blog.naver.com/aass9730/222815362985'], ['저는 에어랩도 그랗고 드라이기도 넘 가지고 싶어용'], ['다이슨 너무 좋은거같아요 저고 사고프네여 ㅠㅠ'], ['저도저도!!!이거 큰맘먹고 선물햇어요~저한테ㅋㅋ평소같음 드라이를, 5~60씩이나???말도안된다,이해못하네하던 저엿는데..홈쇼핑보다 문득 그냥 저한테 사주고싶더라구요ㅋㅋ근데~와~~~진짜!!!!역시..괜히쓸리없구나 사람 홀리네요ㅋ신혼집에 먼저 갖다둿는데(합가전) 인형놀이, 공주놀이하고싶어져요ㅋㅋ휴게소 핸드드라이마냥? (적절한 비유를찾지못해..) 정말강해요.저 제손으로 드라이에 머리말린게 몇년만인지ㅋ'], ['다이슨저도 사고싶어요!부럽ㅋㅋ'], ['저도 다이슨 계속 살까 말까 백만 번쯤 고민하고 있네요'], ['다이슨 에어랩쓰구나서 머릿결좋아보인단 소리도 많이듣고 너무좋아요!ㅎㅎ'], ['다이슨은 어디서 사요?']]",2022.08.17. 17:42
스타일러 실내제습 기능 추천,"지난 번에 리뷰 올린 전용 제습기와 함께 에너지소모량을 1주 이상 체크해보니 스타일러 실내제습 기능도 의외로 제습효율이 좋네요.​설명서에는 제습용량 10L급이라하고2시간, 4시간 단위로 설정할 수 있는데4시간 되기 전에 물통이 다 차버림.물통이 좀 작은게 단점이지만 제습효율은 엘지 전용제습기 최신형 모델과 맞먹는듯.","[['오 저희집도 기능이 있네요. 드레스룸에 제습기 필요했는데 안사도 되겠어요.'], ['방문 열어두면 드레스룸 주변공간까지 아주 유용해요'], ['실내제습기능이면 저렇게 문열어두구 사용하는거에요?'], ['네. 문을 45도 이상 열어둬야 주변 실내공간의 습기까지 빨아들여요.'], ['문 닫고 실내제습 돌리니 안된다고 알림음 나와요~'], ['있는데 참 안써지네요ㅎㅎㅎㅎ요즘 이렇게 사용 많이 하시는지 주위에서 추천을 많이하네요..써봐야겠어용~🤗'], ['저도 작년까진 은근 미심쩍어서 안썼다지요 ㅎ'], ['저희집도 오늘 돌려봐야 겠어요^^'], ['스타일러 기본코스보다 전기를 훨 적게 먹어요.\n자주 돌려주세요^^'], ['저도 제습기능 써봐야겠네요\n베개도 저렇게 말리는군요~~\n또 하나 배우네요^^'], ['이불도 일단 크게 반 접고서 다시 지그재그로 세번 접어서 집게에 찝어 널면된답니다.\n저는 네번 접어 넣으려고 바지집게를 하나 더 샀어요.'], ['안그래도 저도 [LG ThinQ] 어플 사용중에 알림 뜨길래 주말부터 써보는데, 제습기보다 습도가 빨리 떨어지는 듯 하더라고요~ \n물통이 작아서 그런가 제습 기능 힘이 세어서 그런가 물통에 물도 확확 차고요.\n지난 주말에는 제습기도 거의 24시간 틀었는데.. 스타일러 제습 되는거 보면서 올여름 전기세 걱정되더라고요 ㅎㅎㅎ'], ['제가 제습기는 수년간 여러제품 거쳐서 지금은 엘지 최신형 쓰고있는데 최신모델은 엘지가 제습효율이 가장 높아요(전용 제습기끼리 비교). 근데 스타일러가 엘지 최신 제습기와 별 차이없이 효율이 나오더라구요.\n기존에 쓰던거 주변에 다 나눠주고 엘지껄로 전용을 하나 더 살까했는데 그냥 스타일러를 잘 쓰기로했어요^^'], ['참 씽큐앱에서 에너지모니터링이나 사용이력 보심 전력소비량 얼마나 나왔나요?\n저는 지난 어제 기준으로 \n4시간에 895Wh 쓴 걸로 나오네요.\n(지난주 폭우 쏟아진 날은 1Kw)\n만수는 2시간30분 즈음이었던거 같아요 \n아, 5벌짜리고요.\n'], ['저 스타일러로 실내제습 돌린건 기본설정 2시간에서 1시간만 돌리다 중간에 꺼서 그런지 기록에 안 남았네요 ;;;'], ['아 맞아요.\n중간에 물통 비우고 다시 끼우더라도 코스를 끝까지 실행해야 사용이력에 남더라구요.\n혹시 나중에라도 이력보이면 부탁드릴게요^^'], ['저도 30평대 집에 거실에 5벌짜리 스타일러(쓰시는거 하고 같은 크기인 듯 싶어요) 있는데, 아침에 환기 후 2시간 풀로 돌리니 454 나오네요. \n물통은 통 보이는 창으로 2센치 조금 못 되게 보이는 거 확인하고 시작했는데, 2시간 끝나기 11분 전에 멈추어서 비웠어요. 실내 습도에 따라 비우는 정도가 다를 듯 하네요~'], ['전력량은 비슷하게 나오네요~\n저희도 2시간 코스는 425~505kw 사이로 나오더라구요. \n저흰 드레스룸에 스타일러가 있고 거실에 전용 제습기도 켜둔 상태였는데\n창문에 강제환기 시스템이 있어서 바깥공기가 24시간 계속 조금씩 들어오는 상태라 만수는 더 빨랐나봐요.\n폭우 때 빗소리 듣느라 창문 열었던 날은 전기도 좀 더 먹고 역시 만수도 좀 더 빠르구요.'], ['저두 첨부터 제습기능이 있어서 겸사겸사구입했어요^^\n'], ['저는 첨엔 문열고 실내제습하는게 맘에 안들어서 담엔 문닫고도 가능한 업그레이드 버전이 나오지않을까하고 몇년을 기다렸다지요 ㅎ\n근데 이번에 써보니 그 부분을 잊을만큼 성능이 좋네요.'], ['저도 기능이 있어서 함 해볼까 생각만 했었어요. 보송하다니\n해봐야 겠군요'], ['물통이 좀 작아서 자주 비워줘야하지만 \n엘지 전용제습기와 효율이 비슷하게 나오니 아주 기특합니다.']]",2022.06.27. 14:54
우리 신혼집 가전소개-LG스타일러 (S5BB)를 소개합니다~!,"안녕하세요~신혼가전 구입하실 때 스타일러를 꼭 사야할지말지 고민하시는 분들 꽤 있으실거같은데요~제가 구입하여 사용한 후기 보고 결정하심 도움이되지 않을까 싶습니다!​저희는 LG스타일러 구입했고요, 5구짜리(5벌을 걸 수 있는 모델)로 구입했습니다~​","[['스타일러ㅠㅠ진짜 결혼할때 가지고싶었는데ㅜㅜ좁은집으로 갈 예정이라 포기했어요'], ['스타일러 있음 넘 좋을거 같아용ㅎㅎㅎ'], ['스타일러 있으면 진짜 편하고 좋죵ㅎㅎㅎ'], ['LG 스타일러는 무조건 필수입니다!! 삼성으로 다 했지만 스타일러는 엘지로! ㅎㅎ']]",2022.06.17. 09:21
lg트롬 스타일러라는 중독에 빠지다,lg트롬 스타일러라는 중독에 빠지다,"[['lg트롬 스타일러 정보 감사해요'], ['넵!'], ['lg트롬 스타일러 알아가요~^ㅡ^'], ['감사해요!'], ['lg트롬 스타일러 글 잘봤어요'], ['감사합니다!'], ['이번에 lg트롬 스타일러 알아보는데 좋은 정보 얻어가네요~'], ['다행이에요!'], ['lg트롬 스타일러 정보가 유용하구먼유!'], ['유용하다니 다행이네요!']]",2022.08.29. 13:28
다이슨 에어랩 스타일러 볼륨 앤 쉐이프 헤어드라이기(모델명 : HS-01)후기 올려요 ㅎㅎ,제품명 :  에어랩 스타킬러 볼륨 앤 쉐이프제조사 : 다이슨모델명 : HS-01​다이슨의 좋은 후기로 구매를 해볼까 말까 고민 참 많이했어요 ㅎ 저렴한 드라이기만 사용하다가 비싼 헤어 드라이기를 사려고 하니 고민 많이 했어요 ㅠ​다이슨 에어랩 제품군도 다양해서 고민하다가 볼륨 앤 쉐이프로 결정 했어요 ㅎ​컴플리트롱은 긴머리를 사용할 수 있는 롱배럴이 있다하여 고민하다가 그냥 가성비로 볼륨 앤 쉐이프로 셀렉했어요 ㅎ,"[['ㅎㅎㅎ저도 회사 동료가 몇년전에 사서 너무 잘 쓰고 있다고 비싼 값한다고 했거든요. 처음엔 반신반의했다가 사서 써보고 여기저기 추천중이예요. 저는 여행중에도 가지고 다녀요 짱 추천'], ['저도 갖고 싶네요~'], ['다이슨 너무 좋을거같아요 궁금해여'], ['다이슨 너무 좋아요 여행갈때도 필수품입니다 ㅎㅎ'], ['다이슨 지금 쓰고있는데요! 완전 좋아요 머리말릴때 :)'], ['다이슨 너무 만족스러워요! 특히 저 정수기 볼륨 살릴때 똥손이라 보통 드라이기로는 못하거든요 다이슨 사고나서 신세계 엿어용'], ['다이슨 너무 좋아보이네요 저도 꼭 하나 장만해야겠어요!'], ['다이슨 너무 유용하고 편하다고 하던데 ㅋㅋㅋ 저도 갖고 싶네요~~'], ['저도 있는데 파마를 해서 못쓰고 있어서 아쉬워요ㅠㅠ'], ['이거 저휘언니도 선물받앗는데 좋다고 하더라구요'], ['다이슨있으면 정말 삶의질이 올라가나요 ㅠㅠ 갖고싶어요 ㅠㅠ'], ['다이슨 진짜 안샀으면 후회할뻔했어요 ㅎㅎ 엄청 잘 쓰구있어요!'], ['으악 갖고파요ㅠㅠ 얼마주고사셨나용?ㅜㅜ']]",2022.08.29. 19:24
다이슨 에어랩 스타일러 컴플리트 롱 사용후기,안녕하세요 롱롱스s 입니다 다이슨 에어랩 컴플리트 롱 너무 사고싶어서 공식 홈페이지를 몇주간 재입고 신청하고 수십번 기다렸으나 입고알람오지 않아서 집에서 가까운 롯데백화점에 완불예약을 하고1달 넘게 기다린 끝에 받은​​,"[['마자요 다이슨 너무 좋아요 빨리 마르고 컬도 잘되고용'], ['저는 여기서 되게 싸게 구입했어요~ 한 번 참고해보세요!https://me2.kr/5r9uk'], ['여기 지금 다이슨에어랩 할인중이네요http://m.site.naver.com/0WSk6'], ['저도 컬 너무 잘되서 만족중 ㅠㅠ 저는 살 때 여기서 세일정보보고 샀었어요.https://blog.naver.com/aass9730/222815362985'], ['완전 구하기 힘들다던데 ㅠㅠ비싼만큼 다들 만족하나봐용'], ['안그래도 요고 사고싶었는데 더 사고싶어지네요 ㅎㅎ'], ['크으으 저도 있습니다!!! 귀한녀석이지요 너무비싸다싶다가도 쓰다보면 잘산제품'], ['저도 이거 정말 구하고 싶은데..축하드려요!!'], ['저도 롱배럴 쓰고있는데 긴머리엔 확실히 편해요 ㅎㅎㅎ'], ['뽕 띄우고 머리 말리는것만해도 좋더라구요 ㅎㅎ'], ['예신이 사줬는데 너무 잘사용하더라고요!'], ['에어랩이 그렇게 좋다면서요?? 넘 궁금해용ㅎㅎ'], ['진짜 넘 편해요~ 이전에 사놨던 고데기 망치고데기 다 팔아버렸어요'], ['헛 저도 장만하고 싶네요 넘 좋죠 ㅠㅠ'], ['제가 가장 잘샀다고 생각하는 물건입니다 영업만 3년째 하고 있구요 ㅋㅋㅋ 너무너무너~~무 편하고 좋아요'], ['아직도 전 못구해서 발만 동동...'], ['작년에 에어랩 사서 너무너무 잘 쓰고 있어요!ㅎㅎ 비싼 값한다는게 다이슨인듯 ㅎㅎ'], ['다이슨 에어랩거치대랑 투명케이스구매처알수있을까용?']]",2022.07.03. 01:06
"LG OLEDTV, 워시타워, 스타일러 새상품 일괄판매합니다","​​워시타워, 티비, 스타일러 미개봉새제품 일괄판매합니다​1. TV 65인치 OLED  65A2KNA  (LG 22년제품)​2. LG전자 트롬 워시타워 W20KDM 크롬블랙 (건조기 +세탁기 일체이며 세탁기 25KG +건조기 20KG)- 22년6월제품​3. 스타일러 오브제 컬렉션 S3BOF 미스트 베이지 ​조합원입주선물로 미개봉 새제품입니다현재 안터넷 최저가 티비200 워시타워310 스타일러130 인데 총450에 일괄 팝니다구매자님 주소 받아 업체에서 직접 설치 배송 까지 다 해드립니다 (보증/설치) ​일괄구매로만 판매하는 점 양해 부탁드리며 ,​배송은 새제품으로 9월 부터 원하시는 날짜로 진행 될 예정입니다. (LG전문기사) ​중고가 아닌 새 제품을 LG기사분께서 직접설치합니다​세가지 가전 일괄 450만원에 판매합니다",[],2022.08.21. 23:50
은근 유용한 오브제 스타일러S5DFO,"저희집 스타일러를 소개합니다 ! 사실 스타일러는 살생각이 1도 없었어요하지만 정말 많은 신부님이 그러하듯,,, 묶음 할인의 유혹을 이겨내지 못하고 스타일러를 구매해버렸습니다ㅋㅋㅋㅋㅋㅋㅋ","[['스타일러 넘 좋죠!!전 한번 경험해보고가전 구매할때 무조건 넣을꺼라고ㅋㅋ베이지샀는데 넘 예뻐요ㅎㅎ'], ['와 색 너무 이뻐요..! 고급지네요 !! 저희는 사복입고 출퇴근해서 스타일러 안쓸거라 생각했는데...  코로나때 요긴하게 쓰고 미세먼지 심한날 쓰니까 좋더라구요!'], ['와인컬러 너무 이쁜데요! 역시 색상이랑 디자인은 오브제가 최고로 잘 나오는 것 같아요'], ['스타일러 컬러가 너무 이쁘네요 고생하셨어요'], ['스타일러 유용하져!ㅎㅎ컬러도 이쁘네여~']]",2022.05.26. 22:46
LG 스타일러 S3BER 후기입니다,LG 스타일러를 구입한지는 몇년이 되었는데 이제서야 후기를 작성합니다결혼 전에도 옷 욕심이 엄청 많아 옷을 관리하는데만 해도 어마어마한 비용이 들었습니다드라이클리닝 비용이 만만치 않은건 다들 알고 계실거라고 생각됩니다그래서 남편도 꼭 필수 가전으로 스타일러를 구매하자고 하였고 그걸 전해들은 시부모님께서 선물을 해주셨습니다제 옷은 니트류와 원피스가 많은데요 아무래도 가격대가 있는 캐시미어 혹은 울로 구성되어 있는 천연섬유라서 세탁하는데 더욱 신경을 썼습니다하지만 스타일러를 구매한 이후로 진짜 많은 비용이 절약됐습니다스타일러에 고급의류 기능에 울/니트 코스를 돌리면 아무리 예민한 소재의 옷이라도 걱정 없이 스팀/살균 하실 수 있습니다정말 구매하길 잘했다고 백번은 생각하는 가전이에요없어도 되는 가전이지만 있으면 실용성 100%라고 생각합니다설치해 주신 기사님께 여쭤보니 한번 돌릴 때 100원 정도의 전기세가 나간다고 하는데 이 정도면 정말 최고지 않나요?다들 스타일러 꼭!! 구매하세요!!​,"[['스타일러 살까말까 고민중인데 좋은 후기 감사합니다!'], ['한번 돌릴 때 전기세가 100원 밖에 안 나간다니 너무 효율적이네요'], ['오 스타일러를 다시 고민해봐야겠네요!'], ['3구 스타일러 사셨네요~~ 스타일러 진짜 좋죠 ㅠㅠ.. 코트나 패딩류에 쓰기 너무 좋아요!!'], ['스타일러 딱히 필요없을까봐 뺏는데 ㅠㅠ 넣을걸 그랫나버니여'], ['스타일러이쁘네요 축하드립니딘']]",2022.05.11. 15:39
"(새제품판매) LG  65인치 OLED TV, LG 트롬 워시타워, LG 스타일러 오브제 컬렉션 저렴히판매합니다.","판매자는 아래 사항을 꼭 기입해주세요. ​1. 사는 동: 매탄동​2. 환불 여부: 환불불가​3. 거래 우선 순위(입금순/채팅순/댓글순/내마음가는대로): 입금순​4. 거래 방법: lg 기사님 직접배송 설치​5. 판매 물건, 상태, 가격:미개봉 lg 가전제품 판매합니다.","[['네고가능한가요'], ['20만원내렸습니다.']]",2022.08.22. 15:45
LG스타일러 S5BBP 후기입니다~~,"안녕하세요~ 엘지 스타일러 후기입니당오브제라인이로 가전을 맞추기로하고 견적을 여러곳 받아보았는데오브제가 달마다 색깔로 프로모션 들어가는것들이 있더라구요~예를들면 워시타워는 그린흰, 스타일러는 브라운 들이 몇십만원 정도 싸게 살수 있다고 해요~제가 구매할때는 스타일러 브라운 구형이 세일제품이라 브라운도 괜찮은거같아서 고민하다가마지막에 그래도 우리가 처음 사고싶었던색으로 맞추자! 해서 베이지로 다 맞추게 되었는데세일하는 제품들로 했으면 후회했을거같아요 가전 볼때마다 이뻐서 기분이 좋아져요 ㅎㅎ몇백 차이 아니니 꼭 가전은 하고싶은걸로 하세용!!이 스타일러는 신형으로 외관에 글씨가 안보이고 터치를 하면 글씨가 나와요~ 구형은 글씨가 적혀있구요제품도 속에 미세한 차이고 크게 차이 없다고 하더라구요확실히 스타일러가 있으니까 정장류나 밖에 오래있다 온 날은 미세먼지 관리하기도 편하고계절지난 이불들도 이제 슬슬 돌려보려구요!!진동이랑 소음이 심하다고 하는 분들도 계셔서 고민했는데 전혀 신경쓰일 정도가 아니였어요 ㅎㅎ 추천드립니당!!","[['스타일러는 정말 필수죠!'], ['스타일러 좋아요!특히 외투!'], ['스타일러 필수죠 ㅎㅎ 저희도 샀는데 후회 없습니다! 자주는 안쓰지만요 ㅎㅎ'], ['스타일러는 정말 겨울때 파카나 코트 때문에라도 강추템인듯요'], ['스타일러 신형이라 더 이쁘네요 ㅎㅎ'], ['저는 그린색할까 베이지핼까 고민했는데 역시!! 베이지 가야겠네요'], ['저랑같은거 사셨네요 너무예뻐요ㅠㅠㅠ'], ['저는 브라운 했는데 브라운도 영롱해용'], ['스타일러 많이 좋나요?? 고민중인데 ㅜ 겨울만 쓸까봐여…'], ['겨울에 유독 많이 사용할거같긴해요 ㅎㅎ 지금도 간간히 잘쓰고있습니당'], ['스타일러 저도 사고싶은데 ㅜㅜ 고민중에 있어요 ㅎㅎ 축하드립니다:)'], ['스타일러 신혼가전 필수품일까요? 좀 많이 쓰이나요?? 고민입니다 이왕하는거ㅠ 넣어서 견적 받을지'], ['저도 딱 그마음으로 샀어요~ 이왕하는거!! ㅎㅎㅎ 간간히 잘 쓰고있어요 겨울에는 더 많이쓸 것 같아요~ 필수는 아니지만 삶의질을 높여주는 정도?로 느껴져요 ㅎㅎ'], ['저희도 이거 샀는데 ㅎㅎ 후기보니까 더 기대되네요']]",2022.05.26. 20:55
사인유니폼 스타일러 돌려도 되나요?,오늘 오픈트레이닝에서 받은 유니폼이 너무 구겨져서 ㅜㅜ스타일러 돌려도될까요?,"[['저라면 안합니다^^'], ['22222'], ['33333'], ['세탁소에 좀 다려달라하믄 될랑가요?ㅠㅍ'], ['저건 다리미로 직접 다리셔야 합니다. 스팀 다리미도 아니고 그냥 일반 다리미요.'], ['세탁소가 젤 낫지않으려나요?ㅠㅠ'], ['저라면 불안해서 못맡길거 같습니다. 다리미 별로 어렵지 않습니다 ^^'], ['죄송하지만 혹시 유니폼 사이즈가 어떻게 되시나요? 싸인이 꽉차네요! m인데 다 받을 수 있을까요?'], ['저거 xl이긴 합니다 작게작게 잘 해주긴 하더라구요'], ['에공ㅜㅜ 더 큰걸 살걸 그랬나봐요ㅋㅋㅋ'], ['수요일 행사 가시나요?'], ['금요일 오픈트레이닝이랑 팬싸가요!'], ['아!! 진짜 좋아요 잘 다녀오세요!'], ['감사합니당ㅎㅎ 저도 아힝힝님처럼 유니폼 두개 싸인받으려구요! 스타일러 하지마시고 밑에 다른티 대고 다림질 살짝 하셔요'], ['유니폼 마킹 위에 옷 하나 덮고 다림질 맞나요?ㅋㅋ'], ['위에도 덮고 아래도 덮으시죠ㅋㅋㅋ 제 유니폼 보니까 마킹할때 프레스기 누른대로 유니폼 상했더라구요ㅠ'], ['아... 어렵다...ㅜㅠㅋㅋㅋ 이래도 저래도 걱정이네요'], ['그맘 이해합니다ㅜㅠ 저는 어제 빨아서 납작하게 말려뒀는데 가다가 구겨지지 않길바래요,,'], ['국대경기때 사인저지입고 입은날 에어드레서 자주 돌립니다 ㅎㅎ\n변형없어요\n\n그런대 주름피는건 모르겠네요..']]",2022.07.11. 23:25
비달사순에어스타일러,이런종류 스타일러  계속실패네요ㅠ테스트정도  거의새것 택포,"[['구매원합니다'], ['네 가능하세요']]",2022.08.28. 10:05
다이슨 에어랩 스타일러 컴플리트 롱  후기,​안녕하세요! 주말아침부터 날씨가 선선하니 너무 좋네요! ㅎㅎ오늘은 오랜만에 데이트하러 가야겠어요!이런날 꾸미고 싶을때 꼭 필요한! 다이슨 에어랩 스타일러 컴플리트 롱 추천드려요!​,"[['저도 완전 사고싶은데 아직 구매못했어오ㅠㅠ 머리결 일반 고데기보다 상하지 않는다고 하던데 부럽습니당'], ['다이슨써봤는데 이제 일상에서 없으면 불편한 제품이에요ㅎㅎ'], ['저두 엄청나게 힘들게 구매했숩니다 ㅠㅠ 뿌듯해용'], ['에어랩으루사야할지 그냥 드라이용으로 나온거 사야할지 고민돼여'], ['다이슨은 사면후회없다는 말을 들었어여..!? 미용사가 여유되면 사라하던데 ㅠㅠ'], ['진짜 힘들게 샀는데 드라이기로 쓰는 절 반성합니다 ㅋㅋㅋㅋㅋㅋ'], ['저도 요즘 관심가는 제품이에요ㅋㅋㅋ구매하신분들은   다들 만족하시더라구요ㅠㅠ'], ['다이슨 너무 좋아요!! 이거 없었을땐 어떻게 머리했나 몰라요'], ['다이슨 에어랩 구매를 매번 고민하게 되더라구요 가격이 만만치 않지만 사면 완전 만족할 것 같아용 부러워요'], ['저도 똥손인데 너무 잘쓰고있어요'], ['저는 아직 구매를 몬해써여....\U0001f979 다들 좋다고 강추하던데 사기가 어렵네요... ㅜㅜ'], ['머리가 기신가봐요! 저는 짧은 머리로 잘라서 다이슨이 사용횟수가 줄었어요 ㅠㅠㅎㅎ 그래도 다이슨 참 좋죠!!'], ['다이슨 있으면 삶의 질이 달라진다하더라구요 ㅎㅎ'], ['구하기어렵던데 ㅠㅠ 선물 사실때 힘드셨겠어용ㅎㅎ 다이슨 너무좋아여 이제필수템이에요!!'], ['저는 푸른색으로 가지고 있는데 활용도도 너무 높고 편하고 정말 신세계에용 ㅠㅠ 필수템입니당'], ['엇 저도 이거 구매하고싶네요 ㅎㅎ']]",2022.07.23. 09:05
LG 스타일러 오브제컬렉션(S5ROC) 후기입니다.,"저에게는 너무나 생소했던 가전.... 바로 스타일러에요!신혼가전 상담받으러 갔을 때 스타일러도 넣을까 생각했을만큼 ㅎㅎㅎ지금은 저희집 완전 필수잇가전입니다. ㅎ타사의류관리기와 비교했을 때 엘지가 먼저나왔고, 확실히 내구성이 좋은거 같더라구요 ㅎ저흰 5구짜리로 샀고, 3구샀음 내부공간 작아서 클났을뻔!!!겨울생각하면 특히 5구가 필수에요.그렇다고 5개 옷을 다 넣진 않고 보통 옷간격맞춰서 3벌 정도만 넣고 돌려요.미세먼지 많고 예민한 코시국이라 퇴근하고 오면 입고있던 옷들은 스타일러로 !!뽀송뽀송 스팀살균도 되서 너무 좋아요.기능을 보면 저흰 보통 고급으류나 스팀살균을 이용하는데 간단한 침구류도 살균되서 이번에 한번 시도해보려구요.스타일러는 전력등급?이 없는 제품이라 솔직히 고민을 했는데 전력소모가 엄청 크거나 하지 않았어요. 그리고 폰으로 연결도 되서 다 되면 띠링 알람도 울려요 ㅋㅋ","[['우와베이지인가요!!? 베이지도 넘 예쁘네요!'], ['역시 가전은 최신제품으로 사는게 맞는거 같아요'], ['스타일러 너무 좋지용 ㅎㅎ ㅠㅠ 오브제라서 그런지 너무 예쁘네용'], ['이번에 색상 진짜 잘 뽑았네요'], ['저 이번주에 LG견적받으러갈건데 품목에 이 제품 있어요! 후기 감사합니다ㅎㅎㅎ베이지 제가 생각한 색상이라 이뻐요!']]",2022.03.31. 21:44
"LG전자(TV,트롬워시타워,스타일러)판매","LG전자 미개봉 새상품 일괄판매합니다. ​*LG전자 TV 65인치OLED65A2MNA(2022년형)*LG전자 트롬워시타워 W20KDM(세탁기24kg+건조기20kg) -스페이스블랙*LG전자 오브제컬렉션스타일러  S3BOF ㅡ미스트베이지​-현재 TV는 인터넷 최저가 약230 워시타워 약310스타일러는 약 130인터넷 최저가 총 670정도에 판매하고 있습니다.​새아파트입주시 조합원품목으로 받게된 모두 미개봉 새상품이며,원하시는날짜 말씀해주시면(8월~10월중)LG전자 설치기사분이 직접가셔서 배송,설치해주십니다.  이런 기회 흔치 않으니, 새상품 싸게 ,그것도 LG전자 설치기사분이 직접설치해주시고 사용설명까지 해주십니다 ~언제든지 문의,사진등 가능하니 편히 말씀해주세요!​중간에 구매취소는 절대불가하며신중히 고민하신후 연락주세요.","[['연락처가없어요'], ['아 늦께 답변드려 정말 죄송합니다.지금 다른분과 거래중에 있는데 거래 불발시 연락드리겠습니다~ ']]",2022.08.29. 12:02
스타일러 - 실내제습,오늘 같이 꿉꿉한날엔 스타일러에 제습기능으로 습기제거해 주고 있어요~,"[['실내제습 좋네요^^ 그건 그냥 문 열어놓고 돌리면 되나요?제습능력은 좋을까요?급 땡기네요^^'], ['네~\n드레스룸 문들 다 열어 놓고 \n스타일러문 열어서 돌리니~\n물버림통에 물이 가득 차네요~\n\n'], ['와우^^ 좋으네요^^'], ['저도 올여름에 에어드레서로 방안습기 많이 잡는데 도움이 되었어요\n\n참 살기좋은 시대에요 요즘 ㅎㅎ'], [''], ['원래 있는 기능인가요? 아님 신형에 있는 건가요?구입한지 2년 됐는데...모르고 있네요 ㅠㅠ'], ['저희는 구입한지 4년 됐어요~\n맞춤건조 쪽 찾아보셔요'], ['네...감사합니다.'], ['저도 진짜 유용하게 써요'], [''], ['덕분에 저도 스타일러제습 돌리네요~~~\n향기도 나고 좋네요^^'], [''], ['참 유용한 스타일러~^^'], [''], ['저도 스타일러기능보다제습으로 올여름 잘썼어요^^'], ['']]",2022.08.23. 13:10
"lg 견적 참견 부탁드려요!!(TV, 냉장고, 워시타워, 스타일러, 청소기, 에어로타워)",TV : 21년형 65인치 C형냉장고 : 크래프트 얼음 생기는거스타일러 : 5구​LG전자 베스트샵에서 첫 견적 받아봤어요 ! 적정 가격일까요??,"[['아니요 !!!! 비싸요!!!!'], ['헉 비싼편이군요 ㅠㅠ'], ['에어로 타워는 빼시고 구매하시고 포인트가 들어오면 포인트로 에어로타워를 구매하세요혼수 할인을 받아서 ㅎ발품 파시면 저렴한데가 분명히 있을 꺼에요 ㅎ인터넷 가입도 따로 알아보세요 더 많은 혜택을 받으실 수 있어요 못해도 70만원'], ['인터넷 가입 47 받았어용\n에어로타워 넣은게 1500넘기려고 넣었거든요 ㅎㅎ 아직 한군데밖에 안가봤으니.. 역시 발품이 답이겠군요ㅠㅠ'], ['네 베샵 판매자로써 비싼 거 같아요 발품 파시면 제가 예기한 대로 파는 데 있을 꺼에요 ㅎㅎ'], ['이정도면 금액이 비싼거군요 ㅠㅠ'], ['엘지는 할인율이 많지않은것같더라구요 ..']]",2022.08.10. 15:36
데님 스타일러 돌려도 될까요,이번에 스타일러 하나 장만해서 사용중인데 데님 넣고 울코스로 돌리고나니 건조 과정 때문인지 바지가 굉장히 뜨겁더라구요.. 딱히 별다른 수축이나 변형은 없는거같은데 자주 돌려도 옷 상하거나 그런거 없겠죠?,"[['엘지 스타일러 청바지 코스로 계속 돌렸는데 이상 없었어요'], ['표준 급속 강력 다돌려봤는데 괜찮아요   강력으로하면 수증기가 거의 꽉찰정도로 나온담에 두두두두하고 건조하더라구요쌔바지처럼 돼서나오는데 자주쓰면 살짝 수축생길수도,,?']]",2022.07.09. 00:07
LG 스타일러 S3BF1 실사용 후기,"예랑이가 양복을 매일 있는편이라 스타일러스는 필수 가전이었어요 거기다 외식을 하고 와서 고기 냄새가 나는 옷 가지를 드라이를 바로 맡기지 않고 스타일로를 돌릴 수 있다는 점도 너무 매력적이고, 미세먼지가 심 하니까 외출에서 운동을 한다던지 활동적인 일을 보고 오면 스타일러를 꼭 돌리는 편이에요코스는 바지 관리 모피 또는 가족 관리 정전기 제거 청바지 관리 등의 순서로 변경할 수 있고 핸드폰과 연결 해서 스타일러 코스를 제가 직접 작동하지 않고 돌리는 기능도 있지만 제가 귀차니즘이 심해서 실제로 사용하고 있지 않습니다쓰다 보니 스타일러가 상의 2개 하의 1개 밖에 들어가지 않아서 두 벌을 한꺼번에 돌리는 것이 불가능 하더라구요 가전은 역시 거거익선이라는 말 처럼 자리 좀 차지 하더라도 처음부터 더 큰 스타일러를 샀어야 했을 것 같아요 물론 그렇지만 스타일러가 아예 없는 것보다는 있는 게 훨씬 유용 하다고 생각해요","[['엘지 스타일로 좋아요 애용중 ㅎㅎ'], ['스타일러 저도 5구 나서 알차게 쓰고 있네요 ^^'], ['저는 오빠 에어드레서 사줬는데 안 사줬음 어쩔뻔 하게 잘 사용하더라구요 ㅎㅎ'], ['저도 추가적으로 사고싶은 가전이 스타일러에용 좋아보여용'], ['역시 거거익선인가봐요!! 에어드레서도 스타일러만큼 좋겠죠?'], ['진짜 하나 사두면ㅋㅋㅋ옷 주름도 펴지고 세탁비 절감되더라구용ㅎㅎ'], ['스타일러 가지고 계신분들은 정말 추천한다고 하더라고요.'], ['스타일러 있으면 완전 좋다고 하더라구용!ㅎㅎ저도 알아봐야겟어용'], ['저도 오브제스타일러사용중인데 완전 좋아요~!'], ['스타일러 안써봣는데 좋나여1?ㅎㅎ'], ['저희도 처음에는 가격 때문에 3구로 견적 받았다가 결국에는 5구로 바꿨어요! 확실히 거거익선이 맞나봐요~'], ['스타일러ㅜㅡ저도 사고싶네요오']]",2022.04.11. 08:49
LG 스타일러 S5BOC 후기,​신혼가전 후기- 현재 너무나도 잘활용하고있는 LG 스타일러 후기를 쓰려고 합니다!​저희는 백색가전은 LG여야 한다는 양가 어른들의 말씀에따라..ㅋㅋㅋLG가전제품으로 싹 맞췄습니다. ​요즘에는 의류관리기를 신혼가전으로 같이 마련하는 경우가 많더라구요굳이 스타일러까지 사야할까 싶었는데.. 미리 사서 쓰고계신친정엄마의 강력추천으로 스타일러 까지 무리해서 같이 구매하였습니다.써보니까 역시..없는것 보다는 있는게 좋더라구욬ㅋ​3개랑 5개 옷걸이 달린 버전이 있는데,"[['저두 스타일러 고민하다가 에어드레서 햇눈데ㅠㅠ'], ['3구보단 5구가 좋져저두스타일러 너무 잘쓰고있어요'], ['저도5구 베이지인데 잘쓰고 있어요'], ['저두 가전할때 사려구요 ㅎ 다들 만족하더라구요 ㅎ'], ['청바지나 겉옷 관리된다니 저도 고민해봐야겠네용'], ['스타일러 필수템이죠 여즘 ㅎ'], ['스타일러도 역시 엘지네요!']]",2022.05.08. 14:26
LG 스타일러 S5IB 사용 후기:),"안녕하세요:) 새로운 가전 후기가 생겨 먼저 스타일러에 대해 작성해보려 합니다!만족하며 사용하고 있는 제품이에요:)​저희 부부는 11번가 사이트에서스타일러 S5BI 모델(5구)로 구입했습니다!금액은 140만 원이고, 크기는 600x605x1960mm(폭, 깊이, 높이) 입니다.혼수 가전으로 구매할 때 함께 샀으면묶어서 더 저렴하게 구매할 수도 있었을텐데 그당시에는 정말 필요한 것만 사자! 싶어서 생략했다가 나중에 친정에서 선물로 사주셨어요ㅠㅠ​스타일러의 가장 큰 장점은 세탁하기 어렵고, 드라이하긴 부담스러운 옷을 깔끔하게 스팀 살균해주는 부분입니다!!고깃집에서 밥먹고 옷에 냄새가 배긴다거나,퇴근길에 갑자기 보슬비가 내려 집까지 걸어오는데 살짝 비를 맞는 등 본격 빨래!를 하기에는 조금 애매한데 안 빨자니 찜찜한 옷들을 한번 넣고 싹 돌리면 깔끔해지니까 너무 편해요ㅋㅋㅋ​3구와 5구 중에 고민하시는 분들께는 5구를 추천합니다!저희도 5벌까지 매번 돌리겠어..? 하는 마음에 3구를 살까 했지만 사진에 보이듯이 5구에도 3벌만 넣어도 꽉 차는 듯한 느낌이 들어서 5구로 구매하길 잘한 것 같아요:)​문짝 쪽으로는 '바지관리기' 가 있어정장을 자주 입으시는 분들은 유용하게 쓰실 것 같더라구요!","[['스타일러 정말 좋다고 하던데 후기보니 더 사고싶네용'], ['추천드려요:)'], ['맞아요~~ㅋㅋ 아주 편리해요:)'], ['무조건 워시타워랑 스타일러는 사야한다라고 예신한테 강조하고 있네요참치님 글 꼭 보여줘야게어용 흐흐'], ['오! 방금 워시타워 후기도 작성하고 왔는데 신기해요ㅋㅋ 영광입니다:) 두 가전 다 추천드려요 정말!'], ['의류관리기는 필수래요 저도 아직은 없는데 기대되요!!'], ['곧 편리하게 사용하실 날이 오시길 바라겠습니다:)!!'], ['저도 스타일러 고민많이 했었는데아주버님께서 사주셨어요~써보니 완전 좋아요 굿굿'], ['선물 받으면 너무 감사한 것 같아요ㅠㅠ'], ['고민하고 있는 제품중 하나인데, 뺄까 말까하는데 그 선택에 도움이 되었습니다.'], ['감사합니다:)'], ['아직사지는않았는데 스타일러 사고말거에요ㅋㅋㅋ조아보여요!!'], ['그럴 만한 가전이라고 생각해요:) 파이팅!! 하시길 바라겠습니다:)'], ['와👏 후기감사해요ㅋㅋ요즘 관심갖고있던 가전이에요ㅋㅋㅋ 더 사고싶네요'], ['저도 감사합니다:)'], ['스타일러 나올때부터 꼭 사야지했던 가전중에 하나인데 잘 구매하신거같아요! 5구짜리 기억해두겠습니다!'], ['감사합니다!!:)'], ['요즘 스타일러 필수템이라하더라구요 ㅎㅎ'], ['스타일러 넘 갖고픈데ㅠ!!좋아보여여~ㅎㅎ'], ['스타일러 찐후기감사합니당!'], ['저랑 신랑도 스타일러 욕심내는 중인데 정보 감사합니다!!']]",2022.04.18. 23:10
오브제 스타일러 5구 입니다,"워시타워랑 함께 데려온 저희 드레스룸에 고가 친구인 오브제 스타일러 5구입니다.(fq18dcdbb2)) 결혼 전 부모님이랑 함께살때 이친구가 왜이렇게 사고 싶었던지.. 그래서 결혼시 혼수로 꼭 데려왔습니다. 비록.. 사용은 한 번밖에 안했지만 그래도 종종 많이 사용하려고 합니다사용전에 하단에 물을 반드시 채우고 하셔야 합니다. 이 스타일러를 처음 사용할때는 평소 물을 넣는것보다 많이 넣어주셔야한다고 합니다. 그 다음은 원래양대로 넣으셔도 된다고 합니다. 또한, 안에 들어있는 거름망? 필터망에 먼지가 쌓일 수 있으니 꺼내서 물청소 필요하다고 합니다. 또한, 밑에는 스타일러 악세서리를 보관할 수 있는 보관함도 있으니 그 안에다 보관하시면 좋을 것 같습니다.앞면은 강화유리?로 되어있으나 옆면은 기스에 약할 수 있다고 하니 되도록이면 옆에 기스나지 않도록 하는것이..(기스나면 맴찢이지 머에요ㅜㅜ)이친구가 이젠 제습기능도 있다고 해요 날이 습한 날 방에 틀어놓으면 너무 좋을 거 같아요 제습기용도로도 사용할 수 있어 좋네요스타일러 옷걸이 대신 다른걸로 사용할 경우 옷감이 늘어날수도 있다고 하니 되도록이면 스타일러에 딸려있는 옷걸이를 사용하시는 걸 권장드립니다(다른 옷걸이일경우 옷이 흘러내려오며 늘어날 수 있다고 합니다)​요즘은 스타일러 넣고 향기도 날 수 있게끔 향기시트도 잘 되어 있다고 하니 하나 구입해야 겠어요!","[['저희 언니네도 이거있는데 탐나더라구요 ㅋㅋㅋㅋㅋㅋ'], ['스타일러는 진짜 혁신이에요ㅠㅠ 벌수도 많을수록 이득!'], ['우와 좋은거사셨네요 부럽습니당ㅎㅎ'], ['와 저도 이거 눈팅중인데 비싸더라구여 ㅠㅠ'], ['스타일러는 사야죠ㅜㅜ저희도 계획중이에요'], ['스타일러 진짜 꼭 살거예여 ㅠ ㅠ'], ['오브제가 확실히 예쁘긴하네요 저흰 칙칙 회색인데 ㅜㅜ'], ['스타일러도 겨울에 정말 유용한것같아요ㅎㅎ 축하드립니다!'], ['저희도 오브제 베이지색5구 샀는데 인테리어로도 넘이쁘도 여름엔 제습기능도 좋고 세탁하기어려운 옷들 특히겨울에도 좋아서 만족중이에용!']]",2022.07.19. 21:33
보국 워셔블 전기요 스타일러 사용,아래 상품스타일러 사용해도될까요???​세탁망을 꼭 사용해서 세탁하라는데저 크기가 들어가는 세탁망이 있나요...?없이는 안되나요🥲,"[['저라면 울코스?로 얌전하게 짧게 빨아요 ㅎㅎ'], ['그냥 접어서 세탁기에 넣고울코스 넣고 돌렸어요건조기는 사용하심 안되구요자연건조 ㅎㅎ']]",2022.08.28. 19:58
스타일러위치,집 매매 후 전 붙박이에 아예 짜서 넣으려고 했는데 붙박이는 평생 쓰지만 스타일러는 중간에 바꾸거나 버리면 붙박이를 다시 짜야 한다고 그냥 밖으로 빼서 따로 놓는게 어떠냐는데.. 뭐가 현명할까요?,"[['가전은 한번 구입하면 최소 5년 이상은 사용 할뗀데 그 이후까지 고민 할 필요는 없을 듯 해요.현재 가장 본인이 하고 싶은 디자인으로 하시는 게 좋습니다.'], ['저는 주방장 맨끝에 배치했어요\n동선이 현관,  욕실, 주방겸 거실 지나서 방이거든요\n자꾸 잊어서 들어올때 딱 돌릴려구요 \n색도 맞아떨어지구요\n\n아직 공사중이라 지저분해서 옆은 칠했어요 ^^ \n\n지금보니\n저는, 나중 생각을 못했네요 아코..ㅎ'], ['냉장고, 세탁기 같은 가전은 크기가 많이 변하진않는것같아요ㅎㅎ 근데 스타일러는 뒷공간에 열발생안하나요? 열발생없으연 장에 짜넣구 있으면 꺼내쓰는게 좋을것같아요ㅎㅎ'], ['요즘 스타일러도 필수라 없는집 없어서 장짜도 깔끔하고 좋은거 같아요'], ['오브제까지도 나오는데... 없어지짐 않을거같고, 없어져도 그냥 문 달아서 긴 옷 넣게 설치 가능할거예요. 나중엔 그렇게 쓰면 되죠 ㅎㅎ \n\n저 아는 사람은 3인용 짜서 넣었어요. 깔끔하더라구요']]",2022.08.28. 07:42
다이슨 멀티스타일러 롱 재고있어요.,【쇼핑몰】  다이슨 【브랜드】+【제품명】  다이슨 멀티스타일러 롱 【가격】  699000원 【상품이미지】,[['']],2022.06.27. 15:32
나눔 완료) 디올 브로우 스타일러 (눈썹펜슬) 새상품,디올 브로우 스타일러 001호 미개봉 새상품입니다.받고싶으신/필요하신 이유를 적어주시면 저희 아이에게 댓글 읽어보고 뽑아보라고 할게요 ㅎ착불택배로 보내드려요 😀​,"[['나눔 응원드랴용ㅎㅎ'], ['미용학원다니는 딸이 눈썹그릴때필요해요'], ['딱  떨어져서 사야하는데  ㅎㅎ🙋\u200d♀️🙋\u200d♀️🙋\u200d♀️손들어봅\n니다~~'], ['눈썹 꼬리가 없어서... 🙄\n저 브로우가 제 꼬리 만들어줄까 싶어서요 ㅋㅋㅋㅋ'], ['응원해요'], ['예뻐지고싶어요~~^^*'], ['디올이한번써보고싶어용👍👍'], ['저요! 제가쓰는것마다 다 단종되서 이번에도 어디껄사야되나 고민중인데 마침 나눔한다해서 손들어봅니다!ㅜㅇㅜ'], ['눈썹의 2/3정도 끝이 없어서 항상 브로우를 그려야해서 신청해봅니다ㅎ\n'], ['모나리자 눈썹인데 예뻐지고 싶어요🤭🤭🤭'], ['매번 쓱쓱  그려줘야 하는 제 눈썹에 써보고 싶어용ㅎㅎ'], ['저도 살짝 손들어봐요!'], ['디올 브로우 써보고싶어요~~~😊'], ['눈썹 문신한거 거의 희미해져서 신청해봐요!'], ['금손 빵님 🧡\n모나리자 안녕 하는 멋진 나눔입니다!!\n이쁜 나눔 응원 많이 많이 드려요🧡🧡'], ['저 눈썹이 다 빠져서…….아들이 루브르 미술관에서 봤다고 놀리는데!!  받을 수 있을까요??? \U0001f979'], ['멋진 나눔 응원합니다\U0001faf6\U0001faf6\U0001faf6'], ['줄사봐용!̆̈ !̆̈ ◡̈'], ['저는 깍아쓰는거 쓰고 있어서 돌려쓰는거 한번 써보고 싶습니다앙~~~!!!!❤️❤️❤️'], ['눈썹이 그리면 너무 빨리 지워져용 디올브로우로 그려보고싶어용 ㅠㅠ'], ['나눔 멋잇으시네영 ㅎ.ㅎ\n디올꺼 한번도 안써봤는데 조심스럽게 손들어봅니다 ^^ \n'], ['사랑나눔 응원드려요.❤️'], ['요새 쌩얼로 가게출근중인데 눈만있는 제 얼굴에 디오리 예쁜눈썹하나 가지고싶습니다..손들어봐용'], ['눈썹 그릴 줄 모르니 화장품 아무거나 써서 대충 그리고 다녔는데\n이번 기회에 좋은 제품으로 눈썹 그리는 연습해서 예쁜 눈썹 갖고 싶어용☺️❣️'], ['예쁜 나눔 응원합니다❣'], ['저능 모나리자입니다♡♡♡ 펜슬없인 어디도 갈수없어용~~꼭 받고싶어용♡'], ['당첨! 챗 드릴게용 :D'], ['곧 개학인데 방학동안 살찐 선생님이라 속상하네요 ㅎㅎ 요고로 이쁘게 화장이라도 하고 2학기 아이들 만나고 싶어용~~'], ['손들어요~~~\n눈썹은 꼭 그리고 출근해야해서요~~~\n마스크로 커버안되는 사각지대ㅋ'], ['댓글 주신 분들 감사합니다 :D 저희 아이가 <햇살좋은날> 님의 댓글을 뽑았어요! 다음번에 또 나눔 해볼게요 :)']]",2022.08.25. 16:40
LG 스타일러로 용품 관리하니 좋네요!,샤오미 신발 건조기를 살까하다가 집에 있는 LG 스타일러를 활용해봤습니다.​건조 30분 모드를 사용하면 땀이 보송보송 잘 마르고 냄새가 나지 않습니다.​가죽 모드를 사용하면 더 좋을것 같은데 제가 보유한 모델은 지원이 되지 않네요.​샤오미 신발 건조기보다 좋은 부분은 글러브 2개와 헤드기어를 동시에 건조할 수 있어 시간을 아낄 수 있다는 점입니다 ☺️,"[['개쩝니다'], ['참고하겠습니다'], ['저도 해봐야겠네요'], ['멋지네요'], ['와 ~ 따봉 !!'], ['스타일러 처음으로 탐나네요^^'], ['오 .. 이런 방법도 !'], ['멋지네요 ㅎㅎ'], ['부럽네요ㅎ'], ['와우~ 급 고민을 해야겠네요~ ㅋㅋ'], ['우와~ 저도 사고 싶어요!']]",2022.08.27. 00:00
가전을 옮기고 싶어요ㅠㅠㅠ (스타일러),거실에 스타일러가 자리차지하고 있어요...​넘 답답해서 ㅜㅜ방이나 김냉자리로 옮기고 싶은데 ​비용이나 업체?? 아시는분 계신가요!!?​애기 짐까지 있어서 거실이 더 쫍아 보여요....​,"[['바닥에 도톰한 매트깔고 남편분이랑 옮기면 쉬워요 스타일러가 바닥이 좁아서 혼자옮기시면 쓰러질거 같아서 혼자 하시라고는 말못하겠네요 저는 쇼파 장농 서랍장 장식장 전부 혼자 옮기면서 살아서 ㅎㅎㅎ'], ['222 맞아유~ 얇은패드같은거 밑에 넣어서 끌고다니면 여기저기 잘 끌고댕길수있어요! 한번씩 전 가구들 요런식으로 움직어용, 얼마전엔 아이 장농도 옮겼답니당,'], ['넵 아주 힘없는사람 아님 요령으로 충분히 가능해요 ㅎㅎ'], ['저희도 남편이 혼자 옮겼어요 잘알아보세요'], ['남자힘이면 충분히 가능하고 옆에서 넘어지는것만 잡아주면 될거에요 그쵸?ㅎㅎ'], ['한쪽 들며 이불같은거 깔고 쓱 끌면 이동하기쉬워요 사람부름 기본 5만원부터  들고 이사가는집있음 끝나고 수고비드리고  잠깐해달라하셔보세요  그게 쌀듯요'], ['이사가는 집 있으시면 수레만 빌리셔서\n아래 이불깔고 수레에 올려서 잡고 옮기시면 돼요ㅎ 저희도 그렇게 옮겼어요~'], ['답글 감사합니다 남편이랑 도전해볼게여 🥲❤️❤️❤️❤️❤️ 감사합니다 !!!!!!!']]",2022.08.29. 10:08
Lg 트롬 스타일러 cs4001hr,2012년 식이네요사서 정말 실사용 5회미만이에요앞에 리벨도 안뗫고 먼지만 쌓여있네요​성수동 다세대 5계단 1층입니다010-9423-칠사삼칠,[['성수역 10분거리 입니다']],2022.08.31. 16:19
"(미개봉)웨이크메이크 싱글스타일러 코랄엔딩(12),캔메이크파우더치크 피치핑크(PW23),이니스프리 흩날리는살구꽃(M32)","웨이크메이크 싱글스타일러 코랄엔딩(12):미개봉캔메이크파우더치크피치핑크(PW23):미개봉이니스프리 흩날리는살구꽃(M32):미개봉​일괄23000(편의점택배비포함)입금한 익일(다음날)택배접수시켜드립니다​중고거래에민감하거나 예민하신분들은 거래피해주세요에눌X,교환및환불X,개별판매X구매하실분은 쪽지주세요",[],2022.08.29. 17:49
세탁기 스팀 스타일러기능 너무 좋아요.,결혼할때 구입한 세탁기 열일해서 자꾸 잔고장이 나서는 이사오면서 보내줬거든요.약 10년 사용하고 세 아이들 키웠으니 열일 맞죠?새로 구입하는거 기왕임 용량 큰거로~ ㅋ 솔직히 기능이 많아도 다 못 쓸꺼라면서 다섯가족 사용하렴 용량 커야하고 딸아이 옷이나 속옷은 따로 세탁하고 싶고 삻아빠는 세탁물도 있으니 트윈으로 샀어요.​그런데 요즘 너무 잘쓰는 기능이있어요.스타일러가 있으면 좋겠다란 생각이 있었거든요.당장 구입이 어려우니 스팀스타일러 기능을 요긴하게 사용 중이랍니다.특히 매일 생활복(체육복)입고 등교하는 큰아들 옷 세탁을 매일 할 수도 없기에 스팀스타일러 기능을 사용해요.​​구김과 옷의 먼지 등 스팀으로 세탁한 기분이 들어요.옷이 더러울때는 세탁하는게 맞지만 세탁이 애매할때 있잖아요.그때 아주 요긴해요^^,"[['세탁기에 저기능이있는건가요?\n좋은데요? 스팀스타일러라니~~매일 안빨아도 되고 좋네요~~'], ['ㅋㅋ 매일 세탁하기 애매한 그런 옷들 있잖아요.\n그때 사용함 좋은거 같아요.\n저는 아이 생활복 위주로 사용중이에요.'], ['아 그리고 세탁하고 보관시 생긴 구김? 다리미 처럼 쫙쫙 펴지는건 아니지만 조금 도움이 된다고 검색했을때 봤어요\n'], ['스팀 스타일러기능이 있군요..정말 어중간한 옷 있을때. 쓰기 좋은가봐요!!'], ['기능을 몰라서 ㅋ 검색해봤더니 넘 요긴하고 좋더라구요.\n스팀으로 한번 돌려주니 물기가 좀 있는데 탁탁 떨어서 널면 다음날 세탁옷 같더라구요.'], ['스팀스타일링 기능이 있네요. 오~~~ 저 처음봐요.스타일러 대신 사용 하면 될 것 같아요.'], ['이히히~ 완전 요긴해요.\n완전 요물~~ 아이 패팅이나 교복 상의 같은거 사용함 좋을꺼같아요.'], ['전 오늘 스방 입은 면바지 한번 테스트했는데 오~~ 좋더라구요.'], ['정말 세탁기가 열일 하네요. 이런거 만든 사람 칭찬해 줘야해요. ㅋㅋ'], ['세탁기에 저 기능이 있는거예요? 그럼 그냥 스타일러 기능과 같은걸까요?'], ['비슷한 기능같더라구요.\n그래도 스타일러가 더 좋은거지만요.'], ['우와~~~ 저 기능 무지 부럽네요!그런데 저거 전기요금 많이 나오지 않을까요?전 비 오는 날 수건만 건조기능 사용하는데 전기요금 많이 나오겠지.. 하면서도 필요하니까 기능을 쓰긴 쓰거든요..꺼내면 세탁소 냄새 나요~~ ㅎㅎ'], ['오래 돌아가는거  아니라서 전기세는 그다지? ㅎ 금방 돌아가거든 20분정도^^ 매일 쓰는건 아니라서 요긴하게 쓰고있엉'], ['아... 건조는 오래 돌아가던데 20분 정도면 괜찮겠네요~~~똑똑한 세탁기.. 이젠 스타일러 기능까지 하네요. ㅎㅎ'], ['그치? 세탁하고 헹구고 탈수하는거에 비함 시간도 괜찮징?'], ['네네~~ 괜찮은 것 같아요.\n무엇보다 스팀이 뭔가 개운하고 깔끔한 기분이네요~~'], ['우와 세탁기에 이기능이 있다니 너무 좋은거 같은데요 !! ㅎㅎ \n이렇게 있으면 스타일러나 같은데요 ㅎ'], ['그츄 스타일러기능과 비슷한거 같아서 종종이용해요^ \n매일 세탁하기 애매한 옷들 아주 좋더라구요.'], ['어머나 이렇게 스타일러 기능이 있는가보네요 정말 신기한것 같아오 이리 있으면 스타일러 구입 하실 필요가 없겠는걸요'], ['우와 너무 좋은거네요 ㅎ\n저 기능이 있는건가요 ㅎ\n저는 신기방기뽕기 ㅎㅎ'], ['오호 드럼세탁기에 저런 기능도 있나보네요.\n정말 애들 교복이나 생활복 자주 입는거는 자꾸 세탁하기 힘든데 이런 기능있으면 좋지요.'], ['좋은데요 언니!!!!\n스팀스타일러!!!기능 대박요!!!\n저희집은 통돌이라^^;;']]",2022.04.29. 00:09
"(예약중)다이슨 에어랩 멀티 스타일러 컴플리트 (롱, 니켈/코퍼)",1️⃣ 카페>앱 실시간 연동완료하고 상품권 받기! 2️⃣ 거래 전 사기 조회하기! 3️⃣ 불법/사기 거래글 신고하기! 게시글 위 [...더보기] 버튼을 눌러 확인해 주세요.,"[['6792님 예약중입니다. 저녁거래 불발되면 다시 변경하겠습니다'], ['연락주세요']]",2022.08.30. 16:48
드레스룸에 스타일러 있어요~,예쁜집 견적/시공 및 대리점 문의010-9341-4907,"[['우와~'], ['댓글감사합니다~좋은하루되세요~^^']]",2022.08.18. 10:24
비달사순 에어스타일러,구매 후 한두번 사용하고 넣어만 둔 제품이예요.작동 이상 없고 사용감도 적어요.택배 원하시면 택배비가 추가됩니다.,"[['안녕하세요! 편의점 반값택배로 거래 희망합니다~~!!'], ['gs 반값택배 가능해요. 문자 주세요~']]",2022.08.21. 17:29
신혼 가전으로 마련한 엘지 스타일러(S5BFOA)를 소개합니다^^,"결혼 준비하면서 웨딩홀이랑 드레스는 다 제 관심 밖이었는데 가전만큼은 영혼 및 체내세포까지 끌어들여서 풀세트로 장만하겠다고 당당히 선포했습니다ㅎㅎ 가전을 누가 살림용으로 쓰나요 요즘 인테리어는 가전으로 하는거죠ㅋㅋ가전 덕후여도 스타일러는 좀 망설이는 품목이긴 했습니다 주변에나 여기 카페 글만 봐도 호불호가 좀 갈려서 고민했지만 이왕 하는거 풀세트다!!를 다시 외치며 안방에 넉넉히 자리하나 내줬습니다. 저나 남편은 트레이닝복이나 슬리퍼만 아니면 회사에서 거의 자율복장이라 스타일러 쓸 일이 많지 않기는 한데...의외로 옷 주름 펴는 기능이랑 제습기 용도로 잘 쓰게 되더라고요~~아침에 옷 주워입고 회사 가는 것도 대단한데 어쩌다 주름 가득한 옷 입고가려면 자괴감까지 느껴지는 걸 스타일러에 한번 돌려주기만 하면 왠만한 주름은 다 펴지고요, 이거 정말 편하더라고요^^ 그리고 가전에 넘 힘주느라 제습기 들일 공간까지는 정말 없어서 그냥 에어컨으로 해결보자 싶었는데 은근 스타일러의 제습 효과가 괜찮아서 봄, 가을에도 자주 사용하고 있습니다~  손 많이 가는 고급진 소재 옷을 예전보다 편하게 입고 은근히 제습기 기능이 짱짱해서 스타일러 구입한 거 전혀 후회 안해요~!!","[['스타일러는 봄여름가을여름 다 좋을거 같아요. 저도 이번에 구매하려고요!'], ['  다리미질No!, 전기세 걱정 No!할인 여기서 하네요 http://m.site.naver.com/0XP78'], ['스타일러 너무 조아영ㅎㅎ 매일 습관처럼 돌리게 되더라구요~~'], ['스타일러 주위에서 다 강추하더라구요 !!'], ['와 저도 스타일러 사고싶어요ㅠㅠㅠ']]",2022.05.18. 16:06
LG스타일러렌탈하고 옷 제대로 관리해요!,"매일 빨지 못하는 옷 바깥에 나갔다들어와서 먼지가 붙어있는 상태에서그대로 다른 옷과 같이 걸어 놓으면다른 옷에도 세균이 번식하기 쉬운데요.봄, 여름, 가을, 겨울 상관 없이 계절에따라 옷이 달라지듯이 옷을 관리하는방법도 옷감에 따라 달라지는데요.​LG스타일러렌탈을 하면 옷감에 따라옷을 깨끗하게 관리할 수 있어 옷감이상하는 것을 그나마 덜어주겠죠? 오늘은LG스타일러렌탈을 하신 고객님의 후기를가지고 왔습니다. 도움이 되기를 바라며함께 보시고 많은 혜택도 누려보세요:)​[S3BF] 모델 렌탈 진행하신한O연 고객님의 후기입니다.","[['잘보고 갑니다'], ['감사합니다:)'], ['행복하세요'], ['잘보고 갑니다'], ['감사합니다:)'], ['확인하고 갑니다'], ['감사합니다:)']]",2022.08.10. 16:20
다이슨 에어랩 스타일러 컴플리트 롱 사용후기 입니당,다이슨 에어랩이 한 참 유행하기전아는 분이 고데기를 하고온게 너무 이뻐서물어보니 다이슨 에어랩으로 했다고 하더라구요.​백화점 가도 아무도 없어서 누가 해주는 것도 아니고사용해 본 적도 없고 유튜브도 잘 안봐서후기 또한 모른채 사기에는 가격이 부담이라 지인에게 부탁해서하루만 빌려달라고했어요​사용해보고 내가 괜찮은지 확인하고 사는게아무래도 좋을 것 같아서 부탁하니흔쾌히 빌려줘서 해보는데완전 신.세.계​너무나도 내 머리카락이 돌돌 말려지는게 신기하더라구요!또 하나의 고민은 30mm배럴이냐40mm배럴이냐 그게 또 고민이였는데무조건 많은거 사는게 좋지 않을까 싶어중간머리인데도 에어랩 스타일러 컴플리트 롱으로구매했습니당!!,"[['실사용후기 궁금햇는데 자세한 후기 감사합니다!'], ['오.. 저도 요즘 살까말까 고민중인데! ㅋㅋ 사는쪽으로 좀더 마음이...ㅋㅋㅋ'], ['오 저도 요즘 눈독 들이고 있어요. 요즘 계속 품절이던데 축하드려요!'], ['엇 저도 유튭에서 이 제품 보고 요즘 고민중인데ㅎㅎ 확실히 편하고 좋은가보네요!'], ['다이슨 에어랩은 언제나 후기가 좋네요~'], ['저도 쓰면서 완전 만족하고 있어요!! 사길 잘 한것 같아요!!'], ['곧 선물받을예정인데! 좋은정보 감사해용'], ['전 볼륨앤쉐이프 사용중인데요! 진짜 넘 좋아요 ㅠㅠ 머리가 아직 짧아서 나중에 머리 기르고 롱도 추가 구매 예정입니다 :-)'], ['저도 에어랩 컴플리트롱 쓰는데 넘 좋아용 ☺️']]",2022.07.08. 15:33
저 드디어! 스타일러 샀어요 !,【쇼핑몰】  이랜드몰【브랜드】 엘지【상품명】  스타일러 오브제 5벌 S5RFO【가격】  1334900원【주문날짜】  2/19【상품이미지】,"[['저도 스타일러 이 제품 이 색써요ㅎ밝은색이라 집에도 잘어울리고 코트  정장에 너무 잘써요🤍'], ['넘 기대되요!!😍😍 저 진짜 건조기도 늦게 사서 뒤늦게 이건 신세계야!! 이랬는데 ㅋ꙼̈ㅋ̆̎ 스타일러도 좋다는 얘기 많이 들어서 진짜 기대되요 이제 트렌치랑 원피스 안구겨진채로 입을수 있겠죠?🤣🤣'], ['구김거의 펴지고 옷 깔끔해보여서 진짜 좋아요!전 거의 160주고 샀는데 가격도 너무 좋게 사셨네요😊'], ['전 에어드레서인데 의류관리기 넘 조아여😆 사실 겨울보다 여름에 진짜 잘써요 저는ㅋㅋㅋㅋㅋㅋ 새가전 추카드려용'], ['어떤식으로 사용하시나여? 의류관리기 고민중이라ㅜㅜㅜ'], ['꺄 저도 넘 기대되요 저 다림질진짜 못해서 그냥 좀 구겨진채로 입고다니고🤣 감사해요 !! 여름 원피스도 넣어도 넘 좋겠네요!'], ['니트들 입고나면 팔꿈치 나오자나요ㅎ 바지도 입고나면 무릎나오곻ㅎ 돌려주면 다들어가욧!!!ㅋㅋㅋㅋ 탈취도 잘되공.. 여름옷은 린넨이나 구김잘가는 것들이 두렵지 않은거…?ㅌㅋㅋ 구김땜에 살까말까햇던것도 잘사게 됩디다😖 바지 주름잡기 이런건 안해봣어욬ㅋㅋㅋㅋㅋ'], ['헉.. 무릎 나온게 들어간다구욧???!!!!!!!이거 하나로도 사야하눈거져??!!!!🤩🤩🤩🤩'], ['사세여ㅋㅋㅋㅋㅋㅋ윗댓처럼ㅋㅋㅋㅋㅋ봄에 트렌치코트 엉덩이주름,,, 이제 매번 드라이한것처럼 입을수잇다고요!!!!!!✨✨✨✨'], ['앜ㅋㅋㅋㅋㅋㅋㅋㅋㅋ 모델 구경가야게써옄ㅋㅋㅋㅋ답변감사해여😆😆😆'], ['저도 사신거랑 똑같은 모양 1년 6개월정도 쓰고있는데 스타일러도 캐시같은건 무서워서 못넣겠더라구여 ㅎㅎㅎ 그래도 요즘은 시국이 시국인지라 외출하고 난 다음 아우터류나 매일 세탁 / 드라이 힘든 제품은 입고나서 한번씩 돌려주고는 있어요😃'], ['저 원피스랑 트렌치 나 자켓같은거 한번 입고 나갔다 오면 구깃 구깃해져서 스팀 으로 펴는 것도 스트레스 였는데 ㅜ 넘 기다려져요  !! 안그래도 미세먼지랑 이시국 얘기하면서 남편 승인 받았어요 !'], ['맞아요~~!! 대신 드라마틱하게 펴지진 않아요! 한번 돌리고 스팀은 무조건 하셔야합미다😂😂😂😂'], ['저도 매번 드라이 맡기는건 옷망가질것 같고 한번 더 그냥 입기엔 찝찝해서 의류관리기 하나 살지 진지하게 고민중이에요ㅋㅋ 옷에 진심인 사람들한테는 필수 가전같아요 ㅋㅋㅋ'], ['저도 방수 트렌치 세탁소에 맡겼다가 옷이 다 녹아와서 ㅜ 그뒤로 진짜 잘 안맡기거든요 이제 옷 관리 할수 있느니  쇼핑 더 열심히해야겠어요><'], ['스타일러는 최고입니다 !! 잘 사셨어용'], ['감사해여 오랜만에\n가전이라 흥분 해써여❤️\u200d🔥❤️\u200d🔥ㅋ꙼̈ㅋ̆̎ 넘 기대됩니닷!'], ['저도 고민하다가 샀는데 후회없이 잘써요!'], ['가격 너무 좋으네용♡♡ 저도 스타일러 고민만하다가 안썼는데 댓글보니 갑자기 사고싶..어.요ㅋㄱㅋㅋ'], ['저도 사고 싶네요'], ['저도 에어드레서 쓰는데\n겨울에 니트류랑 패딩들 잠깐입은거 세탁하기도 애매할때 미세먼지도 탈탈 털어주고 뽀송해져서 너무 좋아요 \n진짜 돈 안아까운 템이에요 ㅋㅋㅋ'], ['헐 와 대박 너무 부럽습니다…'], ['ㅊㅋ드립니다'], ['우와 가전이지만 넘 이뿌네요 잘쓰실거같아요!!!!'], ['저도 고민중인데 가격 너무 좋네요 ㅎㅎ👍 잘 사셨어요❤️❤️'], ['디자인도예쁘고가격도너무좋으네요~~쇼핑구경하다스타일러에혹하네요~~^^'], ['가격 너무 좋네요 저는 거의 초기모델이라 작아서 좀 불편한데 크기 커서 좋겠어요 무릎나온바지나 니트류.아우터 관리할때 너무 좋아요'], ['저두 스타일러 최근에 결혼선물로 받았어요 ㅎㅎ 근데 제 겨울코트들은 못 넣는것들이 많더라구요 ... ㅠ 남자친구가 아주 만족하는 가전이에요 ㅋㅋㅋ'], ['저도 건조기보다 스타일러가 더 만족하는 가전이에요🙈💗 니트랑 코트 러버라서🤍🤍 그리고 남편 면바지 바지 주름도 나름 쓸만하게 나오더라구요 ㅋㅋ 스타일러 사고 진짜 겨울철 드라이 비용 3분의 2는 넘게 줄인거 같아용👍'], ['저두 스타일러 너무 사고싶어용!'], ['우와 저도 해외배송옷들 세탁할때마다 골치엿는데 스타일러 살까봐요 진짜 ㅠㅠㅋㅋㅋ'], ['스타일러 이제 선택 아니구 필수됬어요 ㅜㅜㅋ\n니트류도 저는 스타일러 중간에 넣는? 그 머죠 그거 (대충 보시면 알죠???🤣🤣)\n거기에 뉘여서 돌려요 \n구매할깨 니트류 그리하라 설명들었어서 \n하고나면 보송하고 \n향도 좋고 \n매번 새옷처럼 기분 좋아요 \n가격도 너무 잘사셨어요👍🏻👍🏻👍🏻'], ['저도 진짜 옷이 많아서 세탁비 절약하기 위해 스타일러 사자고 시위중인데🤣 아 너무 부럽습니다!!'], ['저도 최애 가전이 스타일러입니다. 한번 입고 빨기 애매한 옷들 한번 돌려도 좋고, 니트나 코트에 베인 음식 냄새도 싹 빠지고 진짜 좋아요'], ['헉 이거 이랜드? 여기는 우디에용?ㅋㅋㅋ 가격 좋내네용👍👍👍 지금 무한 고민중인데 정보 감사합니당😀']]",2022.02.20. 10:20
LG 트롬 스타일러 대형,완전 초창기 1세대 LG트롬 스타일러에요. 큰 사이즈 용량이구요.아직까지 매우 잘 됩니다. 물공급 라인도 2년전에 한번 새것으로 교체했구요.LG설치 기사님들 통해서 옮기시는걸 추천해요.시스템 장에 같이 넣어버려서 모델명을 찾을 수가 없네요.같은 제품인것 같은 중고거래 글 링크 아래 같이 올려요.,"[['판매되엇나요'], ['스타일러 구매하려고요']]",2022.08.17. 00:49
고데기들 (헤어스타일러),​각각 20000원택비+4000원​​​정상작동되는거 확인했구요실사용 몇번안되요​​​,[],2022.07.14. 22:31
LG 스타일러 블랙미러 굿~,양복쟁이 신랑의 뽀송함을 위해 이번에 장만했어욧♡​LG 베스트샵 나성점에서 스타일러랑 워시타워랑 구경하다가 ​둘 다 들이고 싶지만 공간부족으로 스타일러만 델꾸왔어요​블랙미러가 생각보다 너무 이뻐요~♡​거실에 놨는데 전신거울 역활도 하고~^^ 제습도 되고 버튼도​이쁘고~~ ♡ 가전은 역쉬👍 LG 인가봅니다​스타일러 들일때 집에까지 오셔서 꼼꼼하게 챙겨주신 ​김태훈매니저님 감솨드려요~^^​다덜 좋은가전 구매하고 삶에 질 높이세요~^^​이상 내돈내산 입니다~^^,"[['저희도 요거!!\n여름엔 제습, 나머지 계절엔 외투 돌려요~~^^'], ['요거 이쁘지요~^^ 제습은 안해봤는데 함 해봐야겠어욤~^^♡'], ['혹시 얼마주셨나용 ? 😀'], ['쪽지드렸습니다~']]",2022.07.05. 14:25
"lg스타일러미러,미세먼지공기청정기 렌탈 추천 보조금은 최대로 받으세요!",​,"[['공기청정기추천 이정도면 괜찮네요~'], ['저도 한 10곳 정도 전부 상담한 결과 여기가 지원을 가장 많이 주셨어요 그리고 소개까지 해주시면 지원 더 주시더라고요각 브랜드 다 있고, 렌탈 비용도 얼마안해서 만족스러워요 링크 공유 드릴게요~http://pf.kakao.com/_rtxmIb'], ['<< 주의사항 >>LG공기청정기도 제품별로 기종별로 가격차가 있고또한 제휴카드에 따라서도 월 렌탈료가 많이 달라집니다.그러므로 한번쯤 견적을 받아보시고 결정하시는게나중에 후회가 없습니다^^[ LG공기청정기 기종별 렌탈료 확인 ]✅ https://bit.ly/39tmsPV'], ['공기청정기추천 정보를 알아보고 있었는데 많은 도움이 됐습니다. 꼭 참고할게요~감사합니다!^^'], ['공기청정기추천 요새는 가전제품을 대부분 렌탈로 이용하는 경우가 많더라고요. 가전제품 기능이 좋아지는만큼 구매할 때 가격도 비싸기도 한데 렌탈을 하게 되면 매달 월요금으로 낼 수 있고 제휴 할인으로 더 저렴하게 이용도 가능하고 관리도 편해서 삶의 질이 올라가기 때문인데요. 저렴한 가격으로 신경쓸 일도 줄어드니 렌탈이 훨씬 이득인 것 같아요. 저도 이번에 정수기 새로 설치하려고 했는데 좋은 정보 얻어가네요~'], ['공기청정기추천 요즘은 직수정수기 중에서도 이 제품이 후기가 제일 좋던데요. 아직 문제가 될만한 안좋은 후기도 없고 편리하고 너무 좋다고하더라고요. 직수정수기 종류가 워낙 많기 때문에 어떤 제품을 렌탈해야하나 항상 고민할 수 밖에 없는데 여기서는 여러제품을 비교해볼 수 있고 사은품도 최대로 받을 수 있어서 너무 좋던데요. 당일에 사은품 지급까지 해주니 안심하고 가입하기 좋은 것 같아요.'], ['공기청정기추천 친구집에 사용하고 있는 모델이네용! 이 제품은 성능도 좋고 디자인도 깔끔하니 관리하기도 너무 좋다고 하더라고요. 친구가 맨날 정수기 정보 물어보고 이 제품 추천한다면서 사은품 많이 주는 업체도 알려주고 그랬었는데 알고보니 여기더라고요. 저도 빨리 아정당렌탈에 연락해서 상담받고 사은품 최대로 지급받아야겠네요'], ['공기청정기추천 이번에 사용하던 정수기가 갑자기 고장나서 새로 알아보게 됐는데요. 남편이랑 아이들이 다 정수기 물만 마셔서 좀 급한 상황이였는데 상담 때 말씀드리니 최대한 빨리 되도록 신경써주겠다 해서 빠른 설치 받았어요. 너무 감사하더라고요. 다음에도 가전제품 렌탈 할 일이 있으면 꼭 아정당 이용할 것 같아요. 설치 빨리 해주셔서 너무 감사했는데 사은품도 당일 저녁에 바로 들어오더라고요 정말 만족스러웠어요.'], ['공기청정기추천 이곳을 알게돼서 너무 다행이란 생각이 드네요. 몰랐는데 본사보다 여기서 렌탈하는 것이 훨씬 사은품을 많이 받을 수 있다고 하던데 진짜일줄은 몰랐거든요. 상담 받을 때까지도 긴가민가 했는데 설치하고 사은품 들어온 거 보고 실감이 나더라고요. 소비자 입장에서는 이곳저곳 비교해보는게 당연한거라고 생각했는데 여기 상담받고는 괜히 비교했다라는 생각이 들더라고요'], ['공기청정기추천 저는 이번에 너무 만족스럽게 설치를 하였는데요. 의심이 많은 성격이라 제가 직접 눈으로 보기 전까지는 잘 안믿는데 지인이 추천해준 곳이니 눈 딱 감고 한번 해보자 했는데 왜 이때동안 이런혜택을 못받고 렌탈을 이용했나 싶더라고요. 상담할 때 내용 그대로를 지킬뿐더러 설치날짜나 사은품 당일 지급까지 약속을 그대로 지키더라고요. 제품 기능도 하나하나 다 물어봤는데 친절하게 설명해주셔서 의심되는 마음이 점점 사라지더라고요. 진짜 당일 저녁에 사은품 주는 걸 보고 주변에 적극 추천하고 싶어졌어요. 상담도 이른아침부터 늦은 밤까지 진행된다고 하니 시간 여유되실 때 꼭 상담 받아보시길 바랄게요!'], ['공기청정기추천 렌탈 상품마다 하나하나 검색해서 알아보기가 너무 귀찮아서 그냥 아무업체에서 해야하나 별 차이가 있겠나 했는데 잘못된 생각이였더라고요! 무조건 사은품 혜택 많은 곳에서 하는 것이 중요하고 이왕이면 여러제품 한번에 비교할 수 있는 곳이 낫더라고요. 친구가 이곳 추천 안해줬으면 완전 손해보고 렌탈할뻔했어요. 이번에 알게된게 어디겠어요. 제품도 너무 만족스러운데 사은품까지 최대로 받았으니 정말 좋아요. 통신렌탈 같이 진행하고 있으니 알아보고 계신다면 꼭 상담받아보셨으면 하네용'], ['공기청정기추천 보통 다른 곳에서 렌탈 설치하게 되면 일정잡고 설치하고 사은품 혜택 받는 데까지 2주정도 시간이 소요된다고 하는데요. 저는 일주일도 안걸려서 설치받고 당일에 바로 사은품 받아서 좋더라고요. 그리고 사은품을 다른 제품을 준다고 하거나 설치받고 시간이 지난 뒤에 지급해준다는 곳이 있다면 의심해볼 필요가 있어요. 이왕이면 당일에 바로 지급해주는 곳으로 가입하는 것이 안전하다고 해요.'], ['친절한 상담과 혜택 최고입니다 http://pf.kakao.com/_rtxmIb']]",2022.05.16. 13:12
다이슨 에어랩 스타일러 컴플리트 ! 공홈정품,1️⃣ 카페>앱 실시간 연동완료하고 상품권 받기! 2️⃣ 거래 전 사기 조회하기! 3️⃣ 불법/사기 거래글 신고하기! 게시글 위 [...더보기] 버튼을 눌러 확인해 주세요.​다이슨 에어랩 스타일러 컴플리트 (공홈정품)​기존에 쓰던 배럴이 있어서 본체만 사용했습니다.본체 연결부 사용감살짝있는거 빼곤모든구성품 다 새거라보심 됩니다.정품인증되어있구정품등록 직접하시면 됩니다.​구입문의 문자 주세요.,[['8337 님께 청주택배거래 판매완료.']],2022.08.23. 16:46
순수 더 살롱 브이스타일러(핑크),"👆 중고나라에서 여러분께 상품권 쏠게요! 위에 [...더보기] 버튼을 눌러 확인해 주세요 ---------------------------------------------- ​경기도  시흥이고예,​직거래 우선합니다 다른것많이 파니 제글보시고예,,​​","[['님도  데논 리시버에 판매글에 입금하셨나요?'], ['아뇨 전 다른것 사려고 했는데 입금할뻔했어요   \n\n이세키 수법이  일부러 큰물건 올려놓고 직거래 써놓은 다음에 직거래 못하는사람한테 사기치려 하더라고요'], [''], ['이거 보시면됩니다   개사기꾼세키임'], ['근데 금마가 저글 지우더니  리시버글 올리는것 보고 사기꾼세끼구나 바로알았죠'], [''], ['폰번호 이세키.. 혹시나 해서 카톡확인하니 카톡가입도 안했더라고요 아마 이중번호 쓰거나 대포폰 쓰는 놈일듯.'], ['계좌번호 이름으로 못 잡나요?'], ['일단 폰번호 계좌번호 이름해서 신고하세요'], ['전사기 당해본적은 없어서  신고하면 잡히긴 한다더라고요'], ['점마  아직도 사기치고있네요'], ['님 캡쳐뜬것있으신지'], ['네 ㅜㅜ'], ['개 쓰레기 세끼입니다. 경찰 신고하세요.'], ['목숨이 두개인 세끼인듯하네요 수법도 아주 교묘하더군요 글 바로 딱 지우고'], ['순간 느낌이 이건 아닌거 같아 판매글 구매완료로 댓글 다니깐 다른사람들도 입금햇다고 하군요그래서 사기라고 생각했죠'], ['네 그댓글 저도 봤습니다 이세키 사기치고있는것같길래'], [''], ['맞아요 수법이 교묘하더라구요 ㅜㅜ'], ['이세키 옛날번호인듯요. 전 사기같아서 이세키 호구조사 한번 했거든요'], ['이세키 블로그도 운영하는데 허접하게하더라고요'], ['https://m.blog.naver.com/ejrgud97?proxyReferer=https%3A%2F%2Fm.search.naver.com%2Fsearch.naver%3Fquery%3Dejrgud97%26sm%3Dmtb_pge%26where%3Dm'], ['이런세키는 아예 잡아 족쳐야함요'], ['010-7227-5007  아직도 이번호쓰는지는몰겠으나  이건 카톡아디는있더군요.'], ['무튼 제가 도움드릴수있는건 여기정도까지네요..'], ['근데 님 어떻게 알고 이사기꾼글을 알앗나요?보니깐 이사람 상당기간동안 거래 이력 쌓여려고 했던데요'], ['중고거래 많이해봐서 느낌이 오더라고요. 문자해보니'], ['저랑 거래하기로 한글 딱 지울때부터 쌔하더라고요 그리고 물건가격도 말도 안되게  싸게 올리길래 수상했어요 처음부터'], ['글고 거래이력은 많으나 실제 거래된것도 없어보이고 글자체도 수상하더라고요 특히 오토바이 파는글 어디서 판다 이런 내용도 없음요   조금만 들여다보면 바로보여요'], ['님도 이사람이 올린 리시버 판매글을 보셨나요?'], ['네 순간적으로 지우는것까지봤어요 님댓글도 봣어요'], ['두분이나 당하신것같더라고요'], ['수상해서 계속 보고있었거든요'], ['리시버 판매글은 다 캡쳐는 했는데 잡을수 있런지순간 입금하고 이름 이성근이라서 해서 중고글 조회햇는데 사기이력이 나오더라고요'], ['순간 느낌이 사기라는 쌔하더라구요'], ['신고하면 다 잡히긴 한다더라고요,  빠른신고 및 경찰서쪼으셔야 할듯합니다'], ['일단 사기꾼 세끼한테 돈 다시 내놓으라 얘기 해보시고,  신고할거라고 하세요'], ['근데 님말데로 희대사기꾼이라 저하고 문자하면서 사기로 경찰서 경험을 몇번느낌이더라구요뭔가 이 짓을 계속 하는거보면 믿는구석있는거 같아요'], ['돈 주거나 안주면 형사처벌 받아요 인생끝까지 간놈들이 하는 짓이죠. 계속 귀찮게 굴어줘야합니다. 돈도받아내셔야죠'], [''], ['다른사기꾼 얼마전..  이런놈들 보통 개막장이죠..ㅋㅋ'], ['사기치다 걸리니 저지랄하더라고요 ㅋㅋ'], ['이사람 대담한게 제가 판매글 완료하라고 해도 계속 안하더라구요 순간 저포함 몇사람이 당해는지 모르겟어요 수법이 님 말데로 교묘 대담햇어요'], ['네 아마 저 글 말고도 여러 수십개 사기해먹었을겁니더   사기치고 지우고 하는식으로'], ['지금도 하고 있을꺼에요'], ['지금도 하고 있는거 맞네요'], ['지금 전화하니깐 거래 문자 달라하네요 다른사람인줄 알고 저한테 문자한듯요'], ['아마 제가 문자해도 답장올걸요 전 아직 거래중인걸로 금마가 생각하고잇을거라서'], ['방금 경찰서가서 신고왔습니다 님처럼 그 사기꾼을 카퍼에서 어떻게 추적할수 있나요? 그냥 무조건 거래글을 검색하는수밖에 없는건가요?'], ['문자해서 번호 알아내면  카카오톡 추가해보면되요 카카오톡 가입도 안되어져있더라고요, 카톡 혹시나 가입돠어져있으면 사진을 함살펴보고요 사기꾼들은 정상적인 사진도없더라고요'], ['보통그래요'], ['요즘 저는 중고거래 중독이라 제품만 쌓이고 판매는 되질않고 사기만 당하네요오늘 경찰서가니깐 저같은 피해자 하루몇명씩온다고 하네요 우연히 경찰전화는 들어는데 한방에 800백만원씩 당하신분도 있더라구요'], ['그렇군요 사기꾼들 뿌릴 뽑는 법이 마련되어야할텐데 말이죠.  그래서 전 직거래 아니면 왠만하면 안하는편입니다']]",2022.08.26. 14:00
[판매완료] 미사용 새상품 LG 엘지 트롬 스타일러 S3BOF,1️⃣ 카페>앱 실시간 연동완료하고 상품권 받기! 2️⃣ 거래 전 사기 조회하기! 3️⃣ 불법/사기 거래글 신고하기! 게시글 위 [...더보기] 버튼을 눌러 확인해 주세요.1️⃣ 카페>앱 실시간 연동완료하고 상품권 받기! 2️⃣ 거래 전 사기 조회하기! 3️⃣ 불법/사기 거래글 신고하기! 게시글 위 [...더보기] 버튼을 눌러 확인해 주세요.​​[판매 완료]​​■ LG 스타일러 오브제 미스트베이지 (S3BOF)​▣ 배송   직접 가져가시거나   LG 이전 설치비 별도 내시면 이전설치해주신다고 합니다.​​▣ 가전제품 특성상 거래후 반품을 받지 못하는 점 미리 인지해 주시길 바랍니다.​* 코로나 시대에 누가 사용한지 모르는 제품보다 미사용 새상품으로 안전하게 사용하세요~​​■  판매 게시글 보시면 아시듯 고가의 가전제품을    안전한 판매자에게 믿고 구매하셔서 기분좋고 편안한     마음으로 사용하세요~​,"[['판매가 되셨나요?'], ['동탄 사시는 분께 판매되었습니다.판매완료']]",2022.08.27. 16:53
"새상품) 수영복, 운동화, 원피스, 소형미니스타일러","1.루니덕 수영복 새상품​구입시기：21년 5월구입금액：59,000원 대판매금액：30,000원(실제)사진​루니덕 수영복 새상품사이즈 7세아이 입으면 잘 맞을거에요.한번도 안입었어요.","[['판매글은 월~일요일 기준 주1회 작성 가능합니다.'], ['아 그렇군요!! 알겠습니다~ 나머지 삭제할게용!'], ['규정 보니까 글 1개에 여러개 작성해도 된다고 써있는데이 글 하나에 다른 상품 추가로 올려도 되는건지 문의드립니다!'], ['이 글 수정해서 추가로 올리시면 됩니다.'], ['감사합니다^^']]",2022.06.28. 21:47
LG 스타일러(모델명 S5MBA) 추천 합니다,"​2년 가까이 잘 사용하고 있는 LG 스타일러(모델명 S5MBA) 추천 합니다가전 준비하면서 스타일러를 살까 말까 고민하시는 분들 많으실 것 같아요.저도 고민을 많이 했고, 많은 고민 후 구매해 잘 사용하고 있습니다.​장점​일단 저희 신랑은 매일 정장과 와이셔츠를 입어요! 그래서 더 필요했고 잘 사용하고 있는 것 같아요.아무래도 정장이나 와이셔츠는 잘 구겨지는 소재이기도 하고, 매번 한번입고 드라이를 맡길 수가 없어서 구매를 결정했는데 가장 큰 기여를 했어요. ​그리고 겨울 철에 패딩!!! 더불어 회식 하고 왔을때 냄새 빼기 정말 좋아요. 코트입고 고기집 회식 다녀오면 집 도착해서 무조건 옷들고 스타일러로 직행....​이것 말고도 장점을 뽑자면 아직 코로나 시대잖아요ㅠㅠ 옷들에 붙은 바이러스 그리고 미세먼저..스팀 코스로 옷 돌리고 나면 심리적으로 조금 편하더라구요.그리고 제습 기능!!! 에어컨을 드레스룸에는 따로 두지 않아서 가끔 스타일러로 제습코스도 해주고 있어요!​​단점​스팀 다리미 처럼 쫙쫙 펴주지는 못해요ㅠㅠ 그부분이 조금 아쉬워요그리고 생각보다 거대해욬ㅋㅋㅋㅋㅋ5벌이 들어가는 걸 구매해서 그런지 생각보다 공간을 많이 차지해요.마지막으로 저는 괜찮지만 소음이 크다는 분들도 계시더라구요. 저는 신경쓰일 정도는 아닌데 구매하실 분들은 참고하세요!!!​","[['스타일러 로망 있는데, 그래두 있으면 유용하겠어요 ^^']]",2022.04.12. 15:57
lg 엘지 스타일러 팝니다.,18년 봄에 구매한건데 실사용은 몇번 안됩니다.​이사와서도 안쓰고 계속 구석에 있어서 팔아봅니다.​상일동역으로 직접 가지러 오셔야 합니다.​매뉴얼하고 아로마 시트지도 남은거 드립니다.​문자주세요.​01052708295,"[['구매가능한가요?'], ['네 가능합니다 문자주세요']]",2022.08.23. 11:08
NEW 다이슨 에어랩 멀티스타일러 컴플리트 한정판 코퍼/니켈 새상품 정리해요.,1️⃣ 카페>앱 실시간 연동완료하고 상품권 받기! 2️⃣ 거래 전 사기 조회하기! 3️⃣ 불법/사기 거래글 신고하기! 게시글 위 [...더보기] 버튼을 눌러 확인해 주세요.​행사이벤트 물품 등으로 구입한 물건들 중 재고 제품들 수시로 정리합니다. 이번에 한정판으로 나온 다이슨 멀티스타일러 컴플리트 코퍼/니켈 새제품입니다. 구매가보다 저렴히 정리해요. 직장인으로 평일 6시 이후에 직거래 가능합니다. 구매인증 가능합니다,"[['롱인가요?'], ['예약중입니다']]",2022.08.29. 12:56
