TITLES,REVIEW,COMMENTS,TIME,AGE,COMMUNITY
같이 일하는 알바 언니 생일 선물로 스누피 텀블러 괜춘?,우리가 개인 텀블러 가져와서 물먹거든?근데 매일 마감 때 식기 세척기 돌리다보니까 언니 텀블러 프린팅이 다 벗겨졌더라고ㅠㅠ그래서 이거다 싶어서 언니 스누피 좋아하니까 스누피 텀블러로 해주려는데 괜춘하겠지?여기에 핸드크림 같은 거랑 같이! •••,[],20210126,10대,인스티즈
건조기 식기세척기 믹서기 스타일러 갖고싶다,하지만 지금 내 자취방엔 행거 하나 둘 자리도 없지ㅠ •••,[],20210126,10대,인스티즈
결혼 결혼얘기중인데 너무힘들다.....,"이성 사랑방  에 게시된 글입니다 l 설정하기둘 다 서울사람인데내가 회사사정으로 대전으로 내려왔어결혼얘기중인데 애인이 직업이 명확한게 없고나도 대전에 계속 일터 잡고있어야하는상황이라지방에 집 구해서 살자고했어.청주에 5년전에 사놓고 전세놨었는데 세입자가 몇달뒤에 나간다더라고요새 집구하기도 어렵고 대전하고 청주 가까우니까여기서 살자했더니 좋다하더니 집 인테리어를 좀 이쁘게하고 들어갔으면 한다는거야그래서 요즘 인테리어 공부하면서 가전 어떤거 놓을지, 얘기중인데애인이 직업이없어서 모아놓은 돈도없어.그래도 나랑 있으려고 지방내려온다는데 내가 좀 더 노력해야지 하면서 예산 다 까고집 이사, 인테리어는 내가 할테니까 결혼식운 자기가 준비해봐라 했어.그랬더니 원하는게 플렉스야....드라마보면서 나오는 대리석바닥에 식기세척기, 스타일러, 전동소파, 베란다에도 보일러깔고, 벽은 페인트아니면 웨이스코딩몰딩에 거실에 샹들리에 달자그러고, 냉장고는 엘지샵 가더니 천만원짜리 냉장고로 해야겠다고하고, 물은 사먹는게 좋다더니 싱크대에 설치하는 주둥이 2개로나오는정수기도 놔야된다고하고...위에 얘기한거 하면 좋겠다가 아니라 그냥 꼭 해야된대.돈없다니까 대출이나 부족한거 자기가 보태겠다는데 얼마있냐 물어보면 대답도안하고....근데 우리집 2층에 20평이거든.이러면서 결혼식은 또 한강에서 하고싶다는데현실성 너무 떨어져서 어디부터 어디까지 설명하고 어떻게 만족시키고 맞춰가야할지 모르겠다....둥이들은 결혼준비 어떻게했어..?추천 3 8 3 •••","['모아놓은 돈이 없는데 저걸 어떻게 하겠대....? 결혼하자는건 맞아...?', '꼭 결혼을 현여친이랑 해야하면 돈 마련 후에 하고 결혼을 빨리 하고싶으면 헤어짐 고려해볼듯', '나도 이게 뭐하자는건지 모르겠어...', '결혼 생각해봐야할것같은데? 나라면 다시 생각할듯', '다시생각할것도없이 계속 생각중....', '결혼을 혼자 하는것도 아니고 준비해둔 예산 없이 쓰니한테 얹혀져서 가는건데 나라면 그 상대랑 결혼 안 하고 싶을듯', '여친 결혼하면 취업 더 안할듯 취집목표인듯', '22', '3333', '장난치는게 아니라 현실적인 결혼생각이 저런거면 다시 생각해보는게 좋을듯', '현실을 좀 깨워줄 방법은 없을까?', '본인 통장 보면서 그 돈으로 뭘 할 수 있는지 본인이 알기 전까지는 방법 없음', '어...음.... 본인도 모아둔 돈이 없다고 하면서 바라는게 너무 지나친데...여자는 현실 파악하는게 우선인거 같음..결혼, 신혼생활 로망이 있는건 좋지만 배보다 배꼽이 크면 안되지...', '나도 결혼 다시 생각하는게 좋을 거 같아...결혼하고 평생 같이 살면 저건 극히 일부일지도..', '돈있으면 몰라 여친이 너무 본 것만 많은듯...', '나라면 결혼을 다시 생각할듯 여태까지 모은돈도 없으면서 경제관념이 좀 결혼하기싫음데...ㅋㅋㅋㅋ', '진짜... 양심도 없네. 나도 결혼 다시 생각해 볼 것 같아', '여친이 취집각 재고있는거같은데...?', '돈이 없는데 어케 결혼을 해 ?', '몇천은 모아놨대', '? 뭐지 친정에서 돈 주는가?', '주면 내가.이런말 안하겠지', '현실적으로 말하려면 좀 구체적으로 예산 잡고 금전적인 얘기 꺼내야 될 듯?', '안그래도 예산잡는중이야', '저정도면 결혼 안하고싶어서 어거지부리는거 아니냐? ㅋㅋㅋㄱㄱㅋㅋㅋ 통장 까라그래 무슨;', '예산편성하고 얘기좀 해보려고....', '본인은 모아놓은 돈도 없으면서 뭐 이렇게 사치를 부려.. 결혼해도 너 돈으로 펑펑 쓰고 다닐 것 같은데 저런 여자랑 어떻게 살림을 꾸려가려고... 어휴', '펑펑쓸 돈도없어....ㅋㅋ', '일단 여자분 예산 보고 다시 얘기해봐', '천만원짜리 냉장고 스타일러 수도꼭지 헛웃음이 나온다 진짜..ㅋㅋㅋ 한강 결혼식.. ㅋㅋ 세상물정 너무 모르는데', '어디부터 얘기해야될지 감을 못잡겠어서 일단 들어주고 얘기한대로 예산 그랴보는중...', '왜 돈을 못 모았는지 알겠다..', '대리석, 스타일러, 식기세척기같은게 왜 꼭 필수인지부터 모르겠다', '2', '한강결혼식... 웃고갑니다,,', '저런 여자인걸 알게됐는데도 결혼하고 싶어? 앞으로 평생 저럴텐데..?', '그래서 결혼식은 자기더러하라니까 한강결혼식 보고있잖아... ', '주작인가 왜 결혼 계속 진행하려해? 진지하게 돈 더 모으자고 해야될거같은데... 다 맞춰줄수있어?', '2222아무리 사랑해도 저런여자랑 결혼은 무리 양심없고 현실적으로 자기 수준보다 너무 과분한걸 바람..', '프리랜서가 아니라 직업이 아무것도 없어? 결혼하고나서도 없을 예정이고? 모아둔 돈도 마땅히 없고..경제적으로 성인이라고 하기가 어렵네..', '그만큼 있으면서 얘기안하는건지', '여친 나이가 많이 어려? 지금 결혼준비야 어떻게든 맞춰서 한다고 해도 결혼하고가 문제일거 같아 쓴아ㅜㅜ', '둘 다 30대초반인데 이러네...', '결혼을 다시 생각해보라는게.. 안하는쪽으로 다시 생각해보라구...', '아니 결혼 준비하는데 왜 재산을 안 까? 나 거기서부터 이해가 안돼ㅋㅋㅋㅋ', '이렇게까지 감출일인가싶을정도로 얘기를 안하네... 고마워 진지하게 한번 따져봐야겠다', '응 일단 이 문제부터 얘기해보고 여친 재산을 쓰니가 직접 확인한 다음에 예산 편성 다시 해봐야할 거 같아...팟팅', '응 고마워', '고생이 많아 멘탈 잘 잡고', '응~ 매우매우고맙고~1년 전', '내 눈에는 네 여친이 취집하려는 것처럼 보여', '흠..고마워 내가 뭐에.눈이 멀었나보다', '누가 결혼하자 먼저했어?', '만약 쓰니가 여친한테 직업 자리잡고 돈 좀 모이면 결혼하자고 얘기하면 백퍼 오케이 안나옴ㅋㅋㅋㅋㅋㅋㅋㅋㅋ 딱 각 보이는구만... 쓰나 잘 생각해보고 결정해....', '돈얘기좀 하랴고보면 자꾸 옆으로 새...', '좀 다른 얘기이긴 한데 미안한데 한강 결혼식 비싸서 그러는 거야?? 저렴한 거 아니야...? 내가 몰라서...!!', '쉽게 생각하면....', '아 그렇구나... 되게 허례허식을 중요하게 생각하시나보네 여친분이.. 근데 나도 진짜 쓰니가 생각 다시 해봤음 좋겠다 난 20대 중반인데 결혼 일찍 할 생각이거든? 나는 사랑하는 사람이 그렇게 무리하게 안 둘 것 같아.. 난 결혼을 하고싶은데 돈이 없으면 원룸도 괜찮다는 주의라.. 쓰나 여기 둥이들 말 잘 생각해봐. 걱정이겠다 정말 ㅠㅠㅠ', '응 고마워', '정신차리고...... 이성적으로 생각해봐 그게 정말 맞는건가', '세상살이에 맞고틀린게뭐가있겠냐하는 생각이 컸는데', '빚을 낼 수는 있지... 하지만 상환능력이 있어야 하는 거잖아...', '재산공개 무조건 해야할거같은데, 정말 몇천 모앗더라도 대출여부도 확인해야할거같아. 세상은 인스타그램속처럼 살수없다는걸 알아야할텐데...20평대면 그 천만원자리 냉장고 넣는다해도 좁아서 현실성없고...진짜 결혼은 현실인데 여친분이 너무 현실성이 없는듯 ㅠ 지금 상대방이 원하는건 정말 인터넷세상속 이야기라고생각해..', '쓰나~ 글을 읽어보면 당장 몇년뒤에 어떤 문제로 다투고 얼마나 스트레스 받을지가 눈에 훤해... 솔직히 난 이 결혼 끌고 가면 지팔지꼰이라고 생각해 지금 상황 객관적으로 따로 적어보고 득과 실을 구분했으면 좋겠어 너에게 머가 얻을 게 있는 결혼인지 난 잘 모르게따 사랑만 있으면 괜찮아! 이럼 상관없지만 결혼은 현실이라자나', '요즘 젊은부부들 빚내면서 결혼하는경우는 흔하게 있긴해 근데 보통은 내집마련,미래,아기를 위해서 빚내면서까지 결혼하는거지 쓰니 여친이 원하는것들 보면 빚내면서까지 들어줘야할지 싶어 너무 현실을 모르는것같아.... 스타일러,대리석바닥해서 돈 몇년동안 갚는게 정말 행복할까?', '어... 돈 얘기를 피하는 건 현실성이 없는게 아니라 사람 호구로 보고 등으려는 의도로 보이는데... 평생 같이 살 사람인데 물어볼 거 확실하게 물어보고 아닌 건 아니라고 똑바로 얘기해봐. 평생 속 터지면서 살 수 없잖아', '그냥 처음부터 끝까지 염치없네...', '다들 결혼 다시 생각해보라는데 정작 쓰니는 다시 생각할 생각은 없고 진행하려는 거 같네... 그럼 일단 서로 재산 공개 하고 예산 잡아서 그 안에서 진행해야 한다고 현실 깨우쳐 줘야 할 듯', '취집하려고 하네 도망쳐 ㅋㅋㅋㅋㅋㅋ', '그럼에도 불구하고 결혼하려는 이유가 정말 궁금하다', '저정도면 결혼을 그냥 깨... 결혼 반대!', '근데 쓰니도 현실을 좀 봐야될듯', '20대도 아니고 30대인데 저런다고? 유트브너무 많이본듯 유트브에 이쁘게 꾸며논집있잖아 싹다 리모델링한 엄청 깔끔한그런집 원하는거같은데 그럴거면 자기가 돈을대던가 결혼하면서 돈도 안까고 분명 몇천없을듯... 그래 한번뿐인결혼인데 이때 리모델링안하면 언제하겠어 그치? 근데 사람이 수준에 맞게 살아야지 냉장고 1000만원은 심했다 그리고 무엇보다 상대방존중이 하나도 없잖아 만나서 재산까고 예산맞추면서 이거사야되는지 필요한지 그러다 진짜 갖고싶은거 하나쯤은 얘기하도된다생각하지만 이건 아니잖아 그리고 이사람이랑 말이 통하는지 결혼후1년 3년 5년 10년을살수있을지 다 따지고봐 쓰니야 호구되지마 나중에 맞지않아서 이혼하면 그집마저도 날아가 연애랑 결혼은 다른거야 그사람이 쓰니한테 온다는건 책임져야할것도 많아진다는거야 연애처럼 영화보고 밥먹고 웃고 즐기고 집가는거아니야 한평생 매일보고 의견나누면서 살아야하는데 시작하기도전에 이렇게 삐꺽대는데 그리고 애까지있어봐 없으면서 최고급해줄려고 쓰니만 등골빠질걸 물론 자기애한테 엄마들은 다해주고싶겠지 근데 쓰니여친은 누구집애는 명품신발신었다면서 애기심발 70만고민없이 결제하고 그래봐 나중엔 쓰니 집가기도 싫어질걸 내가 너무 심각하게 말한거같아? 절대아니 내조언절대 무시하지말고 아니다 싶으면 자기인생찾아가는게 맞는거같아 지금 여자친구는 없으면서 있는척하기좋아하는성격같아 물론 사람이 다 최고급 좋은것만하고싶지 근데 그게 자기경제상황보고 정도껏이여야하는데 이건 쓰니가봐도 너무한게아니라 우리가 봐도 너무한거야 넷사세 아니야 나 웬만해서 글을 잘안쓰는데 진짜 쓰니 안쓰러워서 글남겨', '222', '여친 애냐... 세상 물정을 왤케 몰라', '가전제품 보러다니기 전에 진지하게 날 잡고 재산 다 까자고 해 말로만 하지 말고 통장도 직접 확인하고', '우와 돈도 없고 직장도 없는데 ...ㅋㅋ 도망쳐ㅠ', '진짜 심각하게 결혼 다시 생각해 봐..아무리 여친이 쓰니 따라 지방으로 내려온다고 해도 너무 과함..나 결혼할 때 신랑한테 전재산 오픈은 안 해도 내가 지금 돈이 어디에 어떻게 묶여 있어서 당장 결혼준비할 때 쓸 수 있는 예산은 이 정도다. 여기 안에서 맞춰서 해야할 거 같다 이렇게 얘기하고 우리 가전도 예산에 맞춰서 했어...진짜 진심으로 진지하게 다시 생각해봐...', '부모님이 돈 주면 모를까 지원 없는데 저런말을 할 수 있는것도 참.. 하늘이 내린 기회같은데 도망칠기회', '와...나 결혼4년차야 여친이 진짜 현실성없고 말안되는 행동(ex 본인자산 안드러냄)하고 있는데 결혼이 어떻게 진행되겠어ㅜㅜ 저런문제말고도 결혼문제는 가족얽혀서 각종 문제많이발생하는데 벌써부터 저러면 둘이손붙잡고 이 난관을 잘헤쳐나갈수있으까ㅜㅜ 진짜 쓰니라도 정신차리고 의논진지하게 하고 계속 말안되는 짓하면 단호하게 해', '결혼했다가 나중에 둥이가 번돈 이런데저런데 하면서 다쓸거같아.. 경제관념 진짜 중요해ㅠㅠ', '여친 예산이 얼마인지를 정확히 모르는거야?? 그걸 왜 쓰니한테 안알려줘? 난 그것부터가 이해가 안가..', '재산공개없이는 결혼준비 못한다 해', '본문보고 놀랐는데 30대라는데서 한번 더 놀란다.. 윗댓들이 이미 충분히 설명해줬으니 한번 다시 잘 생각해봐', '나라면 결혼 안해....그사람이 좋으면 3년 미룰래', '아니 뭔 유치원생이랑 말하는것같냐 대화가 상식적인 수준에서 말이안통하잖아.. 중학생도 저정도로 현실감각 없진않을텐데 30대..? 제발 결혼다시생각하자 ㅜㅜ', '여친이 해달라는거 다 통계내서 그럼 너가 이가격에 반만 가져오면 되겠다 라고 해 바로 현실로 정신 돌아오지', '결혼할 사이면 일단 서로 재산부터 까', '진짜 다시 생각해보자..! 그리고 결혼해서 아이까지 가질 생각이면 평생 그집에 살게된다는 보장도 없는데ㅜㅜ', '집 하는데 인테리어 혼수 채우라해....', '나는 결혼 4년찬데 상견례하기전부터 각자 재산부터 다 깠어....집에서 각자 얼마도와줄지까지도 전부다~', '자산오픈할때 확인잘해 ㅠ 대출받고 카드할부로 뭐할까봐겁난다.....', '원래 파혼이 진짜 힘들어보이지 그냥 하고나면 별거 아니야', '몇천있다는게 진짜 있는지부터 궁금', '누가 결혼을 빚져가면서 하나!!!! 부부생활에 돈이 전부는 아니지만 가정을 지키는 최소한의 것들은 다 돈에서 온다구 ㅠㅠㅠ 괜히 어거지로 했다가 나중에 너만 독박쓸 것 같은데,,, 더 좋은 조건의 사람 만나서 하는게 어떨까', '여기 댓글다는 여익들이 대부분 여친보다 어린 20대일텐데 본인보다 어떻게보면 최대 10살은 어린친구한테 철 없고 경제개념 없다는 소리 듣는 사람일 수 있는거잖아... 이 정도면 고민해봐야하지 않을까... 이런 사람은 쓰니가 어찌저찌 설득하고 깨닫게해서 겨우 멱살잡다싶이 끌고간다 해도 사람이 그렇게 확 안바뀌는지라 결국은 또 과거 운운하면서 불평할테고 앞으로 이런 문제로 얼마나 많은 일이 있을까 나는 안 봐도 비디온데...ㅠ성격차이로 왜 이혼들을 하겠어...', '여친머릿속이 꽃밭이네..ㅋㅋㅋㅋ현실감각이 없나보다 그냥 나몰라~~이거네', '다른 사람 만나라...', '나도 여자지만 저런 여자면 결혼 안할듯 뒤가 뻔히 보이는데? 나라면 무산...', '...? 얼마있냐고 물어봤는데 대답을 안한다는게', '저런걸 다 감수할만큼 사랑한단말이야..?', '20살 초반이봐도 저건 좀.... 너무 현실성 없는거 아니야?', '아니 이건 경제관념이 너무 없는데...? 대체 몇 살이야? 대학생도 저런 꿈은 안 꿔', '재산 서로 공개하고 결혼준비해,,, 만약에 여친한테 빚이 있으면 어뜨케,,', '서로 재산 다 밝히고 예산 편성해서 다시 짜보자.. 진짜 저건 아닌거 같아 있는 돈에서 해결하는게 우선이지 빚내서 하는건 절대 아니야', '30대 초반이라는데 20대 초반인 나보다 세상을 모르네.. 돈도 없어 직업도 없어 근데 나이는 30대야 본문만 보고 쓰니랑 나이 차이가 많이 나나? 했더니 그것도 아니고 쓰니는 결혼 진지하게 다시 생각해보고 진짜 할거면 예산부터 짜', '여친 진짜 현실성 제로다,, 쓰니야 미안한데 여자친구랑 결혼하면 안좋을거 같아 ㅠㅠ', '어떻게 풀지를 생각할게 아니라... 결혼 자체를 다시 생각해봐야할거같은데', '일단 서로 재산부터 오픈하자!', '결혼하지마 현실성없는 사람이랑 어케 살라구ㅜㅠㅡ', '결혼하면 여친 진짜 아무것도 안할듯.', '제발 도망쳐', '이런말 하기 싫지만 여자는 취집하려고 하는듯', '이런 결혼 절대 하지마', '와.. 저런사람이 실존하구나..신기해', '와 이건 아닌거같은데...', '저건 만족시키고 맞춰가야 할 문제가 아닌거 같은데... 아직 세상물정 제대로 모르고 사는 철없는 나도 저건 아니다 라는 생각 들어', '저거 절대 정신차리게 못함 이미 취집으로 마음잡았는데 뭘', '하....글만 읽었는데도 숨막혀', '엥 취집 걸러', '20대초반인 내가봐도 저건좀..', '아니 여자 양심어디감???? 결혼다시고민해보는게..', '뭐여 돈 까고 결혼얘기를 해야짘ㅋㅋㅋ 얼탱이 없네']",20210125,10대,인스티즈
나 심심할때마다 식기세척기 리뷰찾아봄ㅋㅋㅋㅋㅋ,그릇 씻기는거보면 속시원 •••,['아 ㅇㅈㅋㅋㅋㅋ'],20210117,10대,인스티즈
만약 결혼한다면 건조기 식기세척기 없이 살수있어??,??? •••,"['웅', '당연 울집에 없는데', '지금이야 엄마가 해서 상관없는데 결혼하면 내가 해야되니까', '우리집은 집안일 분담해서링', '세탁기면몰라도 건조기는없어도돼', '있으면겁나편하긴하지', '근데 지금까지도 안 쓰고 살았으면 상관없는데 지금까지 써왔다면 없는삶은 좀 불편할듷', '여태까지 없었어서 살수있을듯', '건조기는 있어야대...흑흑', '난 결혼하면 무조건 로봇청소기 스타일러 식기세척기 건조기 살거야...ㅠㅠ', '그냥 없으면 설거지하는거쥐 모...', '설거지 못한다ㅜㅜㅜ', '식기세척기 쓰고있는데 어차피 대충 한 번 설거지 한 담에 넣음...', '그래도 설거지보단 편해서 ㅎㅎ', '식기세척기는 필요없고.. 건조기 없이 못살아...', '식세기도 필요해ㅜㅜㅜ', '건조기는 있으니까 편하긴 행. 근데 식기세척기는 차라리 내가 하는 게 더 빠름 둘이라 그릇 몇 개 되지도 않고', '난 그릇몇개도 직접 하기싫다 ㅋㅋ내가 게으른가', '난 식기세척기는 필요없엉', '건조기는 필요함', '응 내가하면되는데 뭐하러 지금도 내가다하고살고 건조기쓰는거도 별로안좋아해서', '헉 넘 부지런하다 나는 기계가 할수있는거 굳이 안하고싶어서', '둘다 원래 잘안써서 괜춘']",20210117,10대,인스티즈
OnAir 설거지 제발 피피엘 들어왔길,OnAir 현재 방송 중! l 끄기설정식기세척기 힘내줘 •••,"['ㅋㅋㅋㅋㅋ 내가 가서 해주고싶음 ㅜㅜ', '삐삐에르....🙏', '아 ㄹㅇ 시급하다']",20210115,10대,인스티즈
누가 나 천만원만 줬으면...,식기세척기 사고로봇청소기 사고안마의자 사고공기청정기 사고건조기 사고정수기 사고 •••,"['음식물쓰레기 처리기 사고', '아튼 편리하게 살거야,,,']",20210114,10대,인스티즈
스트레스 받을때마다 식기세척기 리뷰봐봐!!!,속시원해져서 스트레스풀려 ㅋㅋ •••,[],20210112,10대,인스티즈
마지막 국장으로 식기세척기샀다...,1유형 말고 2유형...우리학교는 2유형 많이 들어오는 편이라이걸로 식기세척기삼....대학 마지막 국장인데 알차군 •••,[],20210109,10대,인스티즈
알바 관둘 핑계 좀 ㅠㅠ,텃세가 너무 심하고 내가 막내라 내 위로 제일 어린 사람이 두살 차인데 막내+신입이란 이유로 식기세척기/설거지/청소 다 내가 해 그분들은 바쁠 때 제외하고 보통 쉼 ㅠㅠㅠ 직원방? 같은 곳에서... 같이 최저 받는데 나 이렇게 일하기 너무 힘들어서ㅠ 점장도 끼리끼리라서... 알바 한지 1주일 됐어 겨우..지금 나오면 너무 민폐인가? 한달만 꾸역꾸역 버텨? •••,"['ㅃㄹ그만두는게 상책..', '어떤식으로 말할까..? 너무 안좋게 끝내긴 또 그런게 울집 주소며 다 말해놨으니까..', '집주소 안다고 뭐 어떻게 못해 그냥 일 힘들어서 못하겠다 하고 싶지만 쓰니가 좀 그러면 걍 뭐,, 자격증 공부,, 학원 시간이 겹치는데 조정을 못한다,, 그런거', '고마워🥺🥺', '아니 걍 나가셈', '윗댓.. 다쳤다고할까..?', '그냥 텃세 너무 심해서 못다니겠다고해', '아앗 내 정보(?) 다 팔려있는데 괜찮을까..? 집에서 걸어서 3분거리야 심지어 알바가ㅠㅠ', '난 그런곳 셤 준비해야된다고 그만둠ㅋㅋㅋㅋ 빨리 그만두는게 쓰니 정신건강에 좋아', 'ㅁㄷ ㅠㅠ 고마워 공부 .. 라규 해야겠다', '응응 나도 그랬는데 계획이 그렇게 바뀌었다 하면서 걍 죄송합니다~ 하고 그만둠', '문자로 했어?? 얼굴 보고?? ㅠㅠㅠ', '얼굴 보고! 난 평일 알바였어가지고 금요일에 말하고 다음 주 월부터 안나갔었어', '얼굴 보곤 뭐라 못하시려나.....? 하 진짜 너무 무서웤ㅋㅋㅋㅋ ㅠㅠ', 'ㅋㅋㅋㅋㅋㅋ 문자로 하려면 시험 준비하게돼서 ~~날 부터 못나간다 이러고 걍 끊엍ㅋㅋ 어차피 거기서 텃세당하고 힘들었는데 굳이 잘 대해줄 필요는 없을 듯..1년 전', '고마워ㅠㅠ!!! 잘 말씀드려야겠다.. 😞1년 전', '응응 화이팅~! 넘 무서워하지말구!!1년 전', '걍 나와..공부할거라 그래', '오래 일할수있다고 해서 뽑아놧는데 그래도 상관없는 거지?? ㅠ 21살이라 공부한다고 하기도 애매해서 일단 고마워 공부로 말해야것다..', '공부에 애매한게 어딨어~ 쓰니 탈알바하구 좋은일만 있어라~!', '고마워!! ㅠㅠㅠㅠㅠㅠ ❤️❤️']",20210106,10대,인스티즈
너네집도 여자한테만 집안일 시켜?,"우리집은 누나가 내 몫까지 다 해줌 ㅇㅇ
냉장고에서 밥 꺼내고 냄비 국 끓여서 접시에 내놓는거랑 내용물 긁어서 식기세척기에 넣는거랑
내 방 정리하는거까지 누나가 해주는데
물론 내가 슬그머니 빠질때 가끔 나보고 야 이 한남충새꺄 니도 빨리해라 ㅅㅂ놈 ㅇㅈㄹ할때도 있고 누나도 배째라 암것도 안할때도 있지만, 그럴땐 난 그냥 끝까지 안치우고 그대로 두는데 누나는 지저분한 꼴 못봐서 그냥 지가 치우거나 정리함.

부모님한테 일러도 물은 위에서 아래로 흐른다~ 장녀로 났으면 모범을 보여야지 이러시며 무관심 일관하시고, 결정적으로 내가 공부 더 잘해서 누나 말은 귀 안 기울이심.","['등신같누...', '몪...? 몫..', '우리집은 너 같이 버러지같이 안함', '누나는 아무것도 안하고 난내가 다해']",20210105,10대,네이트판
유럽익 여기는 다 식기세척기 쓰드라ㅋㅋㅋㅋ,한국에서는 내주위에 아무도 식기세척기 안쓰돈데 근데 엄청 깔끔하게 잘 되더랑 •••,"['우리나라는 음식 특성상 식기세척기 별루', '서양권 애들은 편하겠더라ㅜ', '아하긴.. 짐 유튜브 보는데 뭐 묻는것도 양념도 많으니까 좀 힘들겠네']",20210105,10대,인스티즈
자취생들아!!! 삶의 질이 높아졌다 하는 거 있어?,난 에어팟 프로랑 식기세척기랑 돌돌이 대신 청소기랑 퀸 침대랑 잠옷이랑 암막커튼!!!!! 그리고 집밥 먹는 거 •••,"['자취익은 아니지만 식기세척기', '맞아 이거 정말 짱이다라ㅠㅠㅠㅠㅠㅠㅠㅠㅠㅠㅠㅠㅠㅠ', '쇼파, 제습기', '제습기가 그 습기 없애 주는 거지??', '엉 여름에 진짜 꿀이야...', '암막커튼 ㅇㅈ 샤워가운 가습기 무드등', '샤워가운 입으면 축축 하지 않아????']",20210104,10대,인스티즈
식기세척기 신세계여??,혿시 단점있음 알려주랑 •••,"['오래 걸려..걍 많지도 않은 거 내가 후딱하고 말지...', 'ㅠㅠ 혹시 얼마나 걸려??', '한시간에서 한시간 반 정도?', '식구 많거나 그릇 많이 쓰면 굿굿 근디 설거지거리 별로 없음 별로야 우리는 1시간? 정도 걸렷던 거 같음 막 1시간 13분 요런식으로']",20210102,10대,인스티즈
삶의 질이 높아졌다 하는 거 뭐가 있어?,난 침대랑 에어팟 프로랑 유튶 프리미엄이렁 식기세척기 •••,"['차 산 거!', '아이패드', '집밥, 자차', '버티컬 마우스']",20210102,10대,인스티즈
익들아 식기세척기 줄여서 발음하면 1 2,1.식 세 기 강한 발음 없이 식 세 기2.식 섹 기 동생이 2라면서 나한테 화내는데 이해가 안되네 무슨 욕도 아니고 식색기가뭐야 •••,"['11', '1', '22', '나 진짜 궁금해서 그런데 이건 어떻게 생각하면 나오는 발음이야????', '모르겠엌ㅋㅋㅋ 그냥 식섹기로 발음돼 식세기.. 식세기.. 천천히 하면 되긴 한데 혀꼬인다ㅋㅋㅋ', '2', '111', '11', '1', '2번인 익들아 세척이라서 줄임말이 섹이 되는건가??']",20210102,10대,인스티즈
식기세척기 쓰는 익있오?,혼자 자취중인데 그릇이랑 컵 설거지 싫어서 사볼까 하는데 만족해?? •••,[],20210101,10대,인스티즈
세상 진짜 좋아졌당,식기세척기 세탁기 건조기 로봇청소기쓰니깐 집안일 할게읍다이제 머리감겨주는 기계만 나오면 세상이 완벽해질텐데 ㅜㅜ •••,['ㄹㅇ 거기에 이제 화장지우는 것도 곁들인'],20210219,10대,인스티즈
서로 치고받고 싸우고 모니터링도 안 해주는 박진영(94)과 김원필,너무 친해서 서로 집에 자주 놀러가서 밥먹고 노는 뱀뱀과 윤도운최영재와 심하게 싸워서 선물로 준 식기세척기 돌려달라고 하는 강영현 •••,"['2번이 그나마 가능성있네 ㅇㅇ', 'ㅋㅋㅋㅋㅋㅋㅋㅋㅋㅋㅋㅋㅋㅋㅋ식기세척기 돌려달라곸ㅋㅋㅋㅋ개웃기네', '박진영(94)ㅋㅋㅋㅋㅋㅋㅋㅋㅋㅋㅋㅋㅋㅋㅋㅋ']",20210218,10대,인스티즈
나 남익인데 전업주부 관련해서 물어보고 싶은게 있어 11 22,"인증은 못하지만다행히 좋은 부모님 만나서 금까지는 아니더라도 은으로 만든 수저정도는 입에 물게됐어.취업? 부모님 회사에 취직했고, 나중에 물려받아. 설사 내가 무능해서 망한다 치더라도 사무실 팔고 회사 팔고 하면 20억정도는 건질거 같아. 사무실만 해도 꽤 비싸더라고집? 이미 부모님이 스스로 노후 보낼 집 구하셨고, 내집 + 여동생집 까지 서울로 다 구해주셨어.소득? 월급은 그냥저냥인데 나중에 내 명의가 될 다달이 천만원 정도 나오는 상가가 있어.차? 는 그냥 회사차 국산차 끌고다니고 있고..(금수저인데 기만 아니냐 하는 익들을 위해서 하는 말인데 강남권 아니고, 건물없고, 스포츠카 없어서 은수저라 하는거야 강남권 부자들은 나에겐 높은 벽이야)암튼 이러나 저러나 살면서 돈 걱정은 안하고 살거같은데,나중에 와이프 될 사람한테 용돈주고 취미생활 아무거나 해도 좋으니까 일 그만두고 집에서 육아하고 집안일 청소빨래설거지 등등 다 하고 나 퇴근할때 맞춰서 밥좀 해달라고 하면 싫어할려나....? 그러니까 우리가 흔히 봤던 옛날의 어머니들같이!가정부를 고용하지 그러냐 할텐데, 내 가족이 아닌 외부 사람이 내 집에 들어와서 무언가를 하는 건 별로야. 가정부는 절대 생각 없어.대신 설거지는 식기세척기로, 청소는 로봇청소기 같이 최대한 노동없애는데 도움되는 거라면 가격 상관없이 다 사줄꺼야. 집안일 끝나고 몸이 찌뿌둥하다? 마사지기계 당장 사줄꺼고.이런걸 묻는 의도가 뭐냐면... 사실 뭐 거창한건 없어 그냥 나는 저렇게 살고싶은데 요새 내 또래 다른 여자들은 어떻게 생각할까 궁금해서 물어보는거야. 남녀싸움같은거 일으킬 생각없으니까 그런 댓글엔 먹이도 주지말고.본인들의 생각은 어떤지 답변 기대할께! 다시한번 말하지만 싸움조장 ㄴㄴ 그냥 단순궁금!!+ 추가 내가 돈벌어온다고 유세하고 무시할 생각 절대 없어!! 그냥 없어!1 - 그러면 전업주부라도 할 수 있다.2 - 그래도 전업주부는 할 수 없다. •••","['아내도 아내 나름이겠지...? 하고 싶은 일 있으면 자기 일 할테고...', '내가 간절하게 설득한다면??', '사바사', '사바사가 맞긴하지 ㅋㅋㅋ', '마음 맞는 사람은 많을 거 같아', '오 그럴까 진짜??', '111대신 내가 상대를 정말 사랑해야하고 상대도 나만 사랑해야함 그럼 난 좋아', '당연히 한 여자만 사랑하지 ㅋㅋㅋㅋ 너무 당연한거야 ㅋㅋ', '(본인이 직접 삭제한 댓글입니다)', '오 익인이면 전업할래??', '난 좋음', '익인이는 괜찮아??', '한 쪽이 바깥일 전적으로 부담해주면 저게 맞고', '커리어도 중요하지!', '개꿀일것같은데 솔직히 은연중에 무시도 있을테고 싸우면 찍소리도 못할듯', '아 이런글이 있을거같은데 무시는 절대 안해! 아버지도 어머니 절대 무시 안했어 ㅋㅋㅋ 내가 돈벌어온다고 유세 부릴 생각도 없고', '솔직히 사람일 모르는거야. 근데 진짜 너익이 성인군자고 아무리빡쳐도 3초면 풀린다면 시집갈랭', '내가 2년동안 집안일만 하면서 살아본 결과 일 하는게 백만번 낫다', '익인이는 바깥일보다는 집안일이라는거네??', '응??? 바깥일 하는게 낫다구 쓴거야', '와이프의 가치관이 커리어를 중요하게 생각한다면 전업주부를 안 하겠지만 살림이랑 집 꾸미기, 여가를 좋아하는 사람이면 납득가능할 조건인듯', '응응 그게 맞지 ㅋㅋㅋ 그냥 익들 생각이 궁금해서! 본인은 어떻게 생각해주는지 투표해주면 고마울거같아 ㅎㅎ', '나는 1했어!! 집 꾸미고 살림 좋아해서ㅎㅎ', '아내가 오케이하면 1인거고 아니면 2로 싸우게 될지도', '간절하게 설득한다면??', '맞는 사람 찾아야겠지만 난 일하는게 좋고ㅜ 벌이가 없으면 그만큼 을이 된다고 생각해서 꺼려져', '난 무시할 생각 없지만... 누군가는 그럴수도 있겠지']",20210217,10대,인스티즈
혹시 집에 미니 식기세척기 쓰는 익 있어??,나 너무 사고 싶은데 익들은 어떤 브랜드꺼 써??효과 좋아??!?! •••,[],20210216,10대,인스티즈
얘들아 집에 식기세척기 있는사람,어때??? 잘써??? 전에 친구집 갔을때 걔네 집에 식기세척기가 있었는데 잘안쓴다고 그러길래 잘쓰고 활용도 좋으면 엄마 사줄라구 하는뎀,['우리집은 잘 쓰는데 설거지 안하고 걍 물에 휘휘 헹궈서 넣은다음에 돌리면 접시 깨끗해짐'],20210212,10대,네이트판
당근충 쓰니가 당근 하면서 만나본 거래자 성별/연령층,"탈덕한 연옌 굿즈 팔면 초6~ 중2 정도 돼보이는 여자친구들이 많았고엄마가 갖다팔라는 튀김기, 보드, 식기세척기, 인덕션, 분리수거통 -> 아저씨 아줌마들터닝메카드 스티커 -> 9살 남자 잼민이들그 외 귀여운거, 예쁜 쓰레기들-> 내 또래 20대 여자 칭긔들내 또래 남자는.... 죽어도 없었네할아버지 할머니 내 또래 남자애들 영유아 빼곤 다 거래해본듯 강아지랑도 거래해봤어 •••","['난 전자기기 팔면 20 30대 남자들 나오고 중고폰 팔면 중딩들 나오더라...', '강아짘ㅋㅋㅋ미칰ㅋㅋㅋㅋㅋ']",20210209,10대,인스티즈
역시 엄마들 식기세척기 싫다고 해도 사드리면,아주 잘 쓰신다...ㅋㅋㅋㅋㅋㅋㅋㅋㅋㅋ •••,['우리집은 그릇장이 되어버렸어...'],20210207,10대,인스티즈
여자들이 살림하는게 뭐가 있어,"밥 전기밥솥이 해주지
빨래 세탁기가 해주지 
설거지 식기세척기 돌리지 
청소는 청소기로 보이는곳만 밀고

애는 어린이집에 보내고 카페가서 브런치 먹고 

노는데 하는게 뭐야?",[],20210206,10대,네이트판
오븐있는 원룸 처음봤어ㅋㅋㅋ,요즘 이사 해야해서 집 보러 다니는데 오븐이랑 식기세척기 있는 집 있더라ㅋㅋㅋ •••,[],20210204,10대,인스티즈
식기세척기 쓰는 집 있어?!,4인가족!! 유용하게 쓰여?? •••,['웅!! 그냥 대충 헹궈서 넣으면 됨!'],20210201,10대,인스티즈
리유저블컵 30번 쓰는거 아니야,"미국익이고 여기는 스타벅스 리유저블 나온지 꽤 됬는데스타벅스 직원분이 식기세척기로 30번 세척했으면 버리는거 권장하고, 손으로 세척하면 뚜껑 헐거워 질때까지 써도 된다고 했어30번 물담고 버리는거 절대 아니니까 오해ㄴㄴ •••",[],20210325,10대,인스티즈
익들이면 무슨 알바 그만둘래,"1 덮밥집 월~금 오전 11:30~1:30 시급 10000장점:회사 밀집 구역이라 잠깐 1시간 정도 바쁘고 나머진 한가한편 오픈 멤버에 매일 출근이라 사장님이 나 편한대로 일하게 해주시고 뭐 가게에 요청 사항 있으면 최대한 들어주심 점심 공짜 (원하는 메뉴 아무거나) 사장님이 젊은 편이셔서 알바생들이랑 한달에 두세번 따로 혹은 가게에서 술 자주 사주심 (안주 비싼거👍👍)단점:출근 일수에 비해 하루 두시간이라 시급 올려 주셨지만 뭔가 애매함...2 백화점 칼국수집 목~일 오후 6:00~9:00 시급 8800 (담달부터 10:00까지)장점:옛날에 일했던 곳이기도 하고 나 혼자 일하고 손님도 없어서 편함 대충 7:40분 부터 마감 준비해서 실상 손님 받는 시간은 1시간 반정도 근데 딱히 바쁘지 않음 혼자도 충분 그리고 마감도 그냥 대충 식기세척기에 모든걸 다 때려넣고 청소하는거라 간단함 저녁은 아무거나 끓여먹으면 됨 백화점이라 일하는 환경이 깔끔함단점:사장이랑 너무 안 맞음... 바쁘면 개 바쁨-퇴근 30분 늦어질때 진짜 한달에 한번 있을까말까하긴 한데 가끔 있음 자꾸 물을 만지니까 손 건조하고 손톱 자꾸 깨져서 짜증남... 3 편의점 일요일 오전 8:00~오후 3:00 시급 8720원장점:출근해서 매대청소 시간 1시간, 물류하고 퇴근 전 물류 채우는 30분 빼면 손님 응대 아니면 앉아만 있음 사장님도 터치 없고 한달에 한번정도 들려서 좋음 진상도 거의 없음 하루에 한두명? 물류도 적은편이고 손님도 적은 편이라 좋음 최저 주는 편의점 별로 없는데 여긴 맞춰서 줌 폐기 먹어도 되긴 함 (근데 안 먹음)단점:영상물을 못 봄 게임 못 함 (이건 뭐 맞는거니까 ㄱㅊ) 아침에 너무 일찍 일어나야됨 저녁에 머리감는걸 진짜 개 싫어해서 아침에 감으면 새벽 6시반에 일어나서 준비하니까 진짜 너무 짜증남 그리고 대충 4시간 정도 핸드폰 만지는 것도 지루하고 힘듦.. 야간 알바가 일 대충 하고 가면 그거 정리하는게 짜증남뭘 그만둬야 될지 모르겠음ㅠㅠ 1 •••","['1', '난 다 괜찮은 것 같긴 한데...그나마 고르자면 2번?', '2']",20210321,10대,인스티즈
아니.. 누가 내 물통을 식기세척기에 넣었는데 이렇게 되버렸어ㅠㅠ,이거..복구 가능해???ㅠㅠㅠㅠㅠ하 나 이거 아끼는건데ㅠㅠㅠㅠㅠㅠㅠㅠㅠ •••,"['사진이없어', '아 사진 올렸어ㅠ', '찌그러진거야??', '응 ㅠㅠㅠ 찌그러졌더라구ㅠㅠ', '불가능,,', '하...오바ㅠㅠㅠ 하ㅠㅠ답고마워ㅠㅠㅠ1년 전', '복구 노노... 플라스틱이야?', '응 ㅠㅠ 하...진짜?? ㅠㅠ 하..']",20210321,10대,인스티즈
결혼 얘들아 결혼할때 식기세척기 꼭사!!!!!!!,이성 사랑방  에 게시된 글입니다 l 설정하기이거만있어도 싸울일 없다^^ •••,"['신혼집에 식세기 놓을 자리가 있다는게 더 부럽네....ㅎㅎ', '주방에 있지않아..?', '전세면 프리스탠딩으로 세워놔도돼!!', 'ㅎㅎㅎ 집이 작아서 놓을데가 없어서ㅠㅠㅠ', '아 다용도실에 자리없어??혹시 몇평이야?', '그거랑 건조기가 삶의 질을 바꿔준다던데.....', '오 결혼할때 참고할께!!!!', '식세기. 건조기. 로봇청소기가 삶의 질을 바꿔준다더라구', '이거 진짜ㅋㅋㅋㅋ 아는언니 애기 백일겸 집들이겸 갔었는데 식기세척기 칭찬만 엄청하더라ㅋㅋㅋㅋ 꼭 사야겠다 생각했음', '난 건조기 추천! 식기세척기나 로봇청소기 의외로 비효율적이야.. 나중에 안 써... 두 번 일해야 할 때가 많아서 ㅎ', '앗진짜? 잘씻기던데 건조기는 당연한거라 안썼어 ㅋㅋ', '앗 그랭? 제품마다 다를 수도 있겠다! 맞아 건조기는 이제 필수템이야..', '자동문열임도되서 좋다구~', '일단 건조기 로청 삼 ㅋㅋㅋㅋㅋㅋㅋ', '잘했어!이제 식세기더 ㄱ', '우리도 이번에 식세기 설치 받는데 제발 설치됐음좋겠다 헝헝', 'ㅠㅠㅠㅠ그거 설치안되면 프리스탠딩이라도ㅠㅠ자리이상해도 설치해!!!', '원래 식세기 설치되어있던거 떼고하는거라 다행히 설치잘되고있다!! 히히', '오오 추카해!!!식세기는 사랑이야~']",20210316,10대,인스티즈
식기세척기 물이 반 차있으면 좋은 거야 안 좋은 거야,그니까 물이 가득 차 있어야 작동할 수 있는 거야? (=물을 더 채워야 함) 아니면 낭비인 거야? 영어 빈칸 문제인데 식기세척기 써본 적이 앖어서 이게 긍정문인지 부정문인지 몰게씀ㅠ •••,[],20210315,10대,인스티즈
1943 첫알바 후기,일단 손님들이 이쁜 여자가 많아서 눈호강은 존나게 됨그리고 귀엽게 생긴 여자손님이 나 가만히 서있는데 하윙 하길래  벙쪄서 존나 안녕하세요 ㅇㅈㄹ함첫 출근이라 서빙은 안하고 물이랑 술만 채우고 식기세척기에서 나온 식기 정리만 함 오늘도 가야된다니 너무싫다,"[['ㄱㅁ'], ['ㅋㅋㅋㅋㅋ 하윙 개웃기네'], ['마지막에 가기싫다는 ㅋㅋㅋㅋ'], ['서빙안하면 편하겠다'], ['1943 좋징']]",20210314,10대,네이버카페
5인가족 식기세척기 쓰는 익들아,만족스러워?? 어디 거 쓰고 있는지 추천 부탁해요!! •••,[],20210314,10대,인스티즈
식기세척기 쓰는익들 좋아??,?? •••,[],20210309,10대,인스티즈
데이식스 도운 식기세척기 설명하는거 알바 했어섴ㅋㅋㅋㅋㅋㅋㅋㅋ,"탁! 하고 탁~ 해서 샥! 하고 샤악~ 하면 삭~ 나오는 식기세척기 pic.twitter.com/ZgvGszbbS4— 김벅참🎀 (@carpediemk1219k) April 7, 2021 이거 몬지 알쥨ㅋㅋㅋㅋㅋㅋㅋㅋㅋㅋㅋㅋㅋㅋ •••","['웃고시작하는거 너무 귀여웤ㅋㅋㅋㅋㅋㅋ 난 알아들었는뎈ㅋㅋㅋㅋㅋㅋ', 'ㅋㅋㅋㅋㅋㅋㅋㅋㅋㅋㅋㅋㅋㅋㅋㅋㅋㅋ 갓반인 윤도운 ㅠㅠ', '갓반인 윤도운 개웃기고 긔여움', '디쉬깈ㅋㅋㅋㅋㅋㅋㅋㅋㅋㅋㅋㅋㅋ설명 개잘하지않음?ㅋㅋㅋㅋ', '공통점이 생겼다.. 나도 이거 알아...']",20210413,10대,인스티즈
익들아 생일때 친구들이 ㅅㅓㄴ물 받고싶은거 말하라하면 뭐달라해,아니 생각이 안나.....생각이....내가 뭘 갖고싶었더라...요즘에 식기세척기 갖고싶은게 식기세척기를 사달라 할순 없잖아 .... 하 •••,"['걍 고민하다가 냅둠....... 아니 진짜 차를 사달라고 할 순 없잖엌ㅋㅋㅋㅋㅋㅋ큐ㅠㅠㅠㅠㅠ', 'ㄴㅋㅋㅋㅋㅋㅋㅋㅋㅋㅋ아니 진짜.......난 식기세척기...갖고싶다고...', '근데 나 카톡 선물하기 이거 다 공개해놔도 애들이 안 봄....... 아니 얘들아 나 거기 잔뜩 해놧어........', 'ㅋㅋㅋㅋㅋ나는 쇼핑하면서 북마크해놓는 스타일이라 그거 쭉 보고 가격대 맞는 거 얘기함', '하 나도 그럴걸...', '졍 생각안나면 내가 줬던 선물..비슷한 가격대루다가 검색해서 그중에 고르기', '오호라 그러면 되겟다', '내돈주고 사기엔아깝지만 필요한거 스타벅스콜드컵이나 향수? 가격정해서 카카오톡 선물하기 들어가서 구경하기도해', '오옹오 대박 고마워!!!! 함 나두 들어가봐야짓']",20210409,10대,인스티즈
결혼할 사람있으면 식기세척기 꼭 사라!!!!,이성 사랑방  에 게시된 글입니다 l 설정하기넘편해ㅠㅠㅠ설거지때문에 스트레스안받아도되고 3 •••,"['ㅇㅈ이거랑 스타일러 있으면 삶의질 훅 올라가...', '꼭 살 거임!! 괜히 싸울 일도 적어질 거 같아', '오키 메모!!', '건조기 필수', '식세기 받고 건조기....청소기도 올인원 먼지비움 써바라 신세계다 ㅠ', '청소기 올인원좋라?불편하단 사람도있길래 고민중이였거든', '앗 그렇군!! 나같은 경우는 청소기 먼지 비우는게 제일 고역이고 그 청소헤드 교체할때 매일 집구석 다 찾아다녀서 올인원이 딱 맞거든! 물걸레+흡입이랑 침구청소해드 있는거 ㅎㅎ 불편한건 어떤건지 궁금하다!', '먼지비우는게 힘들다해서 ㅋㅋ', '건조기+식세기+음식물 처리기 땅땅땅! 이거 3개만 이쓰면 돼', '음식물처리기도 고민중 ㅜㅜㅜ', '우리집도 음식물처리기 있는데 이것도 진짜 짱이야.....ㅋㅋㅋㅋㅋㅋㅋ', '음식물처리기 그거 불법 아냐...?', '홈쇼핑서 사는건 불법일리가 없을텐데', '수도로보내는거 아니면 불법아냐', '불법아냐 그냥 싱크대에 세워놓는거ㅜ말하는듯', '건조기, 스타일러, 세척기 필수 준비물 넓은 집 ㅋ쿠', '30평대 생각중인데 좁은가..?', '식세기,건조기,스타일러,로봇청소기(반려동물없고 애없고 잡다한거 사는 스타일 아니면 추천) 삶의 질 500000%상승 나랑 동생 둘이 36평 살고있는데 다 잘써먹음', '로봇청소기도 !!!! 최고다 !!!!!!']",20210405,10대,인스티즈
식기세척기 있는 익들 있어? 질문 하나만!!,"몇인 가구고, 몇인용 식기세척기 사용해? •••",['4인가구이구 몇인용이었더라?? 하여튼 큰거!!'],20210403,10대,인스티즈
"건조기, 식기세척기를 사면 인간이 어떻게 되는 지 알아???","설거지를 하기 싫어서 식기세척기를 사면.. 세척이 다 된 식기들을 세척기에서 안 빼고,, 거기서 빼서 써..나중엔 귀찮음이 더 심해져서 개수대에서 식기들을 세척기에 넣지도 않아 ..ㅋ.ㅋㅋㅋ....빨래 널기가 싫어서 (먼지, 꿉꿉함 등으로) 건조기를 사잖아?건조 다 된 빨래들을 세탁바구니에 빼오면 개지를 않아.. 거기서 꺼내 입음ㅋㅋㅋㅋㅋㅋㅋㅋㅋㅋㅋㅋㅋㅋㅋㅋㅋㅋㅋㅋㅋㅋㅋㅋㅋㅋㅋㅋㅋㅋ 진자 우리집 레전드 ~ㅎ 1 •••","['ㅋㅋㅋㅋㅋㅋ 근데 건조기에 계속 넣어두면 모양대로 주름 생기지 않아???', '구김방지 기능이 있어서 건조 다 돼도 몇 분에 한 번씩 건조기가 돌아! 그대로 있으면 구겨지니까 !!']",20210531,10대,인스티즈
20살 딱 130만원있는데 식기세척기 사고싶음,진심갖고싶음130만원은 내가 1월부터 알바해서 모은건데어케생각해!?!? •••,"['사 근데 나도 어버이날 선물로 샀는데 생각만큼 엄청 편하고 좋지는 않더라', '정말..고민된다...', '나는 공간이 부족해서 lg 6인용 샀는데 씻기는건 잘 씻겨서 그건 문제없는데 ', '나라면 ㄴㄴ 더 나한테 필요하고 실용성 있는 거 살래 식기세척기 식당알바 하면서 써봤는데 어차피 닦아야되던데...', 'lg 디오스...스팀 어쩌구....도 그럴까..?!?']",20210514,10대,인스티즈
식기세척기 원래 1시간 30분씩 걸리는거 맞지?,아빠랑 개싸움아빠가 설치 기사가 20분이면 끝난댔는데 니가 뭘 잘못 건드렸으니까 이렇게 오래걸리는거 아니냐고 그래서근데 나 그냥 그릇넣고 작동버튼 누른거말고는 건든거없거든... •••,"['쾌속모드는 35분이고 표준세척은 1시간이래', '그냥 제품명인터넷에 쳐보는게 제일 정확함', '우리집은 쾌속 37 표준 1시간20분정도 걸려 20분은 불가능한데']",20210513,10대,인스티즈
마감알바 진짜 짜증나 빨리 짤렸으몀 좋겠다,나는 오픈인데 맨날 전 날 행주 하나도 안 빨아서 내가 출근하자마자 빨아야함. 쓰레기 안 비우고 가서 내가 아침에 비움^ 포크랑 나이프 식기세척기에 돌리기만 하고 안 닦아서 오전에 쓸 거 하나두 없어서 내가 닦음... 기본적인 접시 채우는 것도 안 해놔서 내가 채움... 오늘은 화장실 쓰레기도 안 비우고 우리가 카페라서 일반쓰레기통에 손님들이 플라스틱 컵 버린 거 다 분류해야한단말이야 그거 하나도 분류 안 해놓고^^ 일반쓰레기 안 버리고 진심 모든 쓰레기를 단 1도ㅠ안 버려거지고^^ 정말 고맙게도 마감에 해야할 일들을 오픈알바인 제가! 2시간동안 했네요... 정~~~말 감사드려요^^ 내가 한달 내내 행주만이라도 빨아달라고 부탁을 드렸는데 단 한번도 빨지않고 그 더러운 행주를 곱게 접어서 그대로 두고 가시더니...^^... 안 그래도 오피스상권이라 오픈 때 힘든데^^...참... •••,"['부탁하지말고 그대로 찍어서 사장님한테 보내', '프렌차이즈라서 점장님이랑 직원분들한테 계속 말했는데 이런 거임', '이건 사장님한테 말해야 댐', '점장이랑 직원들한테 계속 말해왔는데 바뀌는게 없음 ㅠㅠㅠㅠㅋㅋㅋㅋ']",20210506,10대,인스티즈
아 식기세척기 보러 오신 분 박수 받고 돌아가심ㅋㅋㅋㅋㅋㅋㅋㅋㅋ,주방 이모들이 유자차 마시려는데 병뚜껑 안 따지고 알바생들도 못 따서 끙끙거리는데 마침 식기세척기 손 봐주시는 분에게 부탁드렸는데 끙끙거리다가 뽁! 하고 열어주셨는데 내가 와아아!! 하면서 박수치니까 이모들이랑 알바생들 모두 환호하며 박수쳐줌ㅋㅋㅋㅋㅋㅋㅋㅋㅋ •••,['ㅋㅋㅋㅋㅋㅋㅋㅋㅋ뿌듯하시겠다'],20210505,10대,인스티즈
얘들아 여름 설빙 설거지 주말 알바는 절대 하지마❗❗,진짜루...나는 식기세척기 없는 곳에서 알바하는데 죽을 맛임...^^ 알바 도중에 엉엉 울고 싶어져... •••,[],20210625,10대,인스티즈
알바익들아 식기세척기 있잖아,너네 퐁퐁이로 닦기만 하고 바로 넣고 돌려아니면 퐁퐁이로 닦고 물로 헹구고 넣어?난 후자로 했는데 저게 아니야.....???생각해보니까 후자면 굳이 식기세척기 돌리는 의미가 없는 거 같기도 하고.. 1 •••,"['전자임', '와.. 오케이 ㅠㅜ 고마워유', '걍 물로만 헹구고 돌려도 깨끗해짐 물론 옵션에 온도 55도 설정해', '그리고 한시간 걸려 하하', '하ㅜㅜㅜㅜㅠㅠㅠㅠ설거지 너무 싫어오오오오오옹 ㅠㅠㅠㅠㅠㅠ']",20210622,10대,인스티즈
동거중인데 애인이 설거지 담당이거든,이성 사랑방  에 게시된 글입니다 l 설정하기설거지할때 내가 뒤에서 꼭 백허그 한단말야ㅋㅋ애인이 그거보고 내 소중한 식기세척기~ 하고 껴안는거냐고ㅋㅋㅋㅋㅋㅋ 냥웃겨 진짴ㅋㅋㅋㅋㅋㅋ •••,"['ㅋㅋㅋㅋㅋㅋㅋㅋㅌㅌㅌㅌㅌㅌㅌㅌㅋㅋㅋㅋㅋㅋㅋ 큩', '손에 물 한방울 안묻히게 해주갰다더니ㅠㅋ 설거지랑 음쓰만큼은 나 안시킨다ㅋㅋㅋㅋㅋ', '오오 진짜 멋지시다‼️‼️‼️']",20210615,10대,인스티즈
아니 설거지에 퐁퐁 안쓰는게 말이됨?,식기세척기 없고자꾸 퐁퐁 안좋다고 우겨 그냥 수세미로만 닦아서접시보면 고춧가루 묻어있고 그래너무 답답해 진짜 뭐라 말해야되지 진짜 안좋아? •••,"['더러워', '그럼 너 씻을때 샴푸도 안쓰냐물어봐', '아 퐁퐁 당연 써야지... 하 ㅠㅠㅠ', '퐁퐁 안써서 세균 안지워지는거나 그거나 똑같을거 같은디', '난 퐁퐁 쓰자파인데 ㅠㅠㅠㅠ', '그럼,, 밀가루로라도 설거지 하지...', '퐁퐁 안쓰고 깨끗하게 닦으면 몰라도.. 고춧가루가 묻어나오는 거면 설거지를 제대로 안 한거 아니야?', '물에 수세미로 대충 닦아서 약간 얼룩 같은거 묻어있고 그래 대체 뭐라 말을해야할까 답답해 돌아버려', '윽...그니까 물로만 한다는거 아녀 그게 무슨 설거지야', '아 할거면 제대로 해야지 고춧가루무엇이야,,', '기름묻은거 아니면 퐁퐁 안써도 상관 없을거같어', '22 댓글들 보고 놀랐는데 퐁퐁 안써도 돼! 그대신 이물질 없이 깨끗하게 해야지 ㅋㅋㅋ', '3 대신 고춧가루 남기면 안되지', '444 기름기 있는거 아니면 퐁퐁 안써도됨', '퐁퐁을 수세미에 바로 해서 씻으면 안 좋고 물에 풀어서 거품 생기면 거기에 담궈뒀다가 꺼내서 물로 씻으면서 수세미로 씻어내는게 좋다그랬어! 퐁퐁 아주 안 쓰는건 좀 그렇다', '울 엄마도 도자기?류의 국 끓이는 냄비 그거 하나만 물로 씻어 퐁퐁쓰면 안에 밴다고...!', '그거는 퐁퐁 쓰면 안되는거 맞당...! 퐁퐁으로 씻으면 다음에 쓸때 퐁퐁 먹는게 돼서ㅜㅠ', '오 세상에,,,,', '우욱', '퐁퐁말고 그럼 고체 세제 사드려...환경에 무해한거 있음...어후...물로만은 너무 더러운데...', '퐁퐁 무조건 써야하는거 아니긴한데 그럼 적어도 깨끗하게 해야지...그사람 퐁퐁써도 깨끗하게 못할거같은데?', '그릇들이 아파한다그래', 'ㅋㅋㅋㅋㅋㅋㅋㅋㅋㅋㅋㅋㅋㅋ 굡당', '물에 풀어서 쓰라구 해', '그냥 퐁퐁 얘기 꺼내면 몸에 안좋다고 <- 이말만 반복임 ㅠㅠㅠㅠㅠ', '친환경 세제 쓰라고 혀....', '기름은 물만 가지고는 세척 안 되는데.....', '근데 퐁퐁이 물로 잘 안지워진대 헹궈서 닦이는게 진짜 다 지워지는 게 아니라서 나중에 화학성분 먹게 된다 했나 그럼 그치만 난 그냥 퐁퐁 써,,,,,, 적어도 안쓸거면 깨끗하게 꼼꼼히 닦아야하는 거 아니냑ㅠㅠ', '맞아 나도 아는데 솔직히 퐁퐁 써서 몸에 안좋아봤자 얼마나 안좋겠음 ,,,,', '나도,,,,,, 어차피 다 쓰는데 치명적인 거 아니라면 걍 쓰잔 생각,,,', '베이킹 소다였나 그거라도 줘ㅎ', '으 그래도 뜨거운 물로는 씻지??', '샴푸하시니? 그건 왜 하냐고 물어봐. 피부로 흡수되는 것도 무시 못하는데 그건 어찌 하뉴', '우리엄만줄...', '뜨거운 물로 하면 퐁퐁 안써도 된다고 봤는데', '오히려 퐁퐁으로 직접 씻으면 안좋다고 하긴하던데 뭐 안남게 깨끗이는 씻어야지', '이빨 닦을때 치약 안짜고 양치하는 소리 하네', '우욱', '으.. 좀 그렇다ㅜㅜ 안찝찝한가?', '혹시 세수 할때 폼클이나 비누도 사용 안하나..?', '하 잘못된 신념 깊게 박힌 사람 상대하면 수명 줄어드는 느낌임', '울할무니..ㅠ 귀찮다고 물로 헹궈버리던데 그래서 숟가락 같은거 자세히보면 다 묻어있음.. 잔소리해도 안 고치더라 ㅜ', '간단한거는 퐁퐁보다 뜨거운물이 낫다고는 본 것 같음 ... 근데 고추가루는 에바자너!!!!!!', '그럼 천연설거지비누 사드려', '퐁퐁퐁퐁퐁퐁퐁퐁퐁퐁퐁퐁퐁퐁퐁퐁퐁퐁퐁퐁퐁', '기름기 있는거 아니면 퐁퐁 안써도 되긴 하는데 걍 뜨거운 물로 하면 ㄱㅊ하댔음 근데 고춧가루 남을 정도면... 걍 문질문질도 안하시는거 아닌가?ㅠ 이건 좀 에반디...ㅠㅠ', '물로만 해도 문질문질하면 고춧가루 남을 일은 없을 거 같은데 그냥 그 문질문질 마저도 제대로 안하시는 거 같음', '기름 묻은거 아니면 퐁퐁 안 써도 돼! 고춧가루 묻은건 퐁퐁써도 묻을 수 있어. 그건 그 사람이 대충해서 그럼.', '고춧가루는 퐁퐁이랑 상관이 없잖아ㅠㅜㅠㅠ', '샤워할 때도 물로만 한대...?', '다른 대체품도 있음 거품열매나 베이킹소다 등', '최소한 베이킹소다나 밀가루라도 뿌려서 해야지...... 물설거지만 그러는 거야? 기름설거지도 그래?', '더러워.....', 'ㄴㄷ 어디서 화학성분 백퍼 먹게된다고 그래서 좀 찝집하긴헌디 어쩔 수 없어서 걍 씀ㅠㅠ', '물로만 하면 기름기 남고 그러지 않나...?', '우리 아빠가 그러는데 접시는 깨끗하던데', '야채같은거만 들어있던 거면 몰라도 에바지 고춧가루 있게 닦는거면', '삼베수세미라도 사라하자...', '퐁퐁이 문제가 아니라 꼼꼼하게 안 하는 게 문제인 듯', '아 퐁슈탈트 붕괴 왔어', '나도 기름기 없는 건 그냥 뜨거운 물로 씻는데 고춧가루 남는건 좀ㅠㅠㅠㅠㅠㅠㅠㅠㅠ 퐁퐁 써도 깨끗하게 안할거같은데...']",20210614,10대,인스티즈
크로우캐년 접시 쓰는 익 있어?,이거 식기세척기 넣어도 돼? •••,[],20210612,10대,인스티즈
이사오고 빌트인 식기세척기 처음쓸때 사고친거,식기세척기 전용세제 있는줄 모르고 주방세제 주우욱 짜고 돌렸는데 거품이 흘러나와서 주방 거품바다됨ㅋㅋㅋㅋ ㅠㅠㅠㅠ 멘탈 터져서 계속 닦은기억.. 그땐그랬지.. •••,[],20210609,10대,인스티즈
아빠가 식기세척기 안돌린 컵에 커피타줘서 엄마 화났엌ㅋㅋㅋㅋㅋㅋㅋㅋㅋㅋ,맛있다 하고 마시고 있는데 안돌린거 알아채서ㅋㅋㅋㅋㅋㅋㅋㅋㅋㅋㅋㅋㅋㅋ •••,['아.. 이건 화나지.ㅋㅋㅋㅋ'],20210605,10대,인스티즈
남친이 11억정도되는 집 해오는데 혼수는 얼마가 적당한것같아?,집이가난해서 남친은 아무것도 필요없고 굳이 해올거면 식기세척기만 해오라고 농담식으로말하는데 그건아닌것같거든...월250정도벌고 부모님재산은 전세금포함 2억밖에없어 난 모아둔 돈은 2천만원이전부고ㅠ어느정도해가야할까? •••,"['음 그 정도면 남친이랑 말 해봐야 할듯...? 서로서로 서운하지 않게', '진짜 극구사양해서 내가알아서 강제로해가야받을것같어...ㅠ', '나는 1천으로 혼수 가전 다 해갈 것 같음', '혼수 가전은 내가 해가고 싶다 강력하게 말하고 그정돈 해야 나중에 결혼해서도 마음이 편할 것 같아서..', '일반적으로는 얼마나해가..? 주변에 친구가하나도 없어서 주변하는정도는 해가고싶은데 천정도가 보편적이야?', '남자가 집 여자가 혼수 해가는 경우 많은데 내 주변 보면 집을 한 쪽이 다 해오면 한쪽은 혼수 가전 정도는 해가 근데 기본은 냉장고 티비 세탁기 청소기 에어컨 뭐 이런 것들이고 요즘은 저기에 공기청정기 스타일러 이런것들 추가해서 많이들 해가는듯', '일단 가전부터 좋은걸로 견적부터 내봐야겠다..가전이라도 좋은걸로해야지 ㅠㅠ', '응응 가구 한 군데에서 사면 2-300 정도 할인받을 수 있음 그러면 천~천3-4백 선에서 가구 싹해갈 수 있어 쓰니야 한 번 알아봐', '앗진짜!? 고마워!!!1년 전', '이정도 차이나면 남친이랑 상의 잘 해봐야 할 것 같은데ㅜㅠㅠ', '그래도 가전은 다 해가는게 맞는거 같은데...말 맞춰봐', '나도 최대한 남들만큼은해가고싶은데 남친은 사양해서 일단 혼자결정해야할듯해..', '(본인이 직접 삭제한 댓글입니다)', '응응 일단 최대한좋은걸로 맞춰보돼 부모님 비상금 정도만 남겨야겠어ㅠ 고마워ㅎ..', '(본인이 직접 삭제한 댓글입니다)', '응응! 정말고마워 :)!!', '와 남친 돈 왤케 많아?', '부모님이 쌀때사두고 증여하신거래ㅎㅎ']",20210729,10대,인스티즈
식기세척기 쓰는 스람,어때? 진짜 기름때 말고 밥먹은 그릇 이런 거 넣고 돌리면 손 설거지 저리가라야?? •••,"['식기세척기 잇음 편하징 근데 난 애벌세척해서 넣긴해', '물로 휘휘 행궈서 넣는 거야? 아 요즘 집에 사람 많아서 하루죙일 설거지 하는 기분이라 식세기 하나 사려 해ㅛ더니…', '우웅 마장 근데 그것만 해서 식기세척기에 넣어도 살것같아 ㅇㅇ', '애벌해야함', '두번설거지하는거랑똑같아..', '식기세척기 장점은 없어..??', '뜨거운물로 한번 살균해주는 기분이긴해', '애벌안하지않나? 찌꺼기빼는 정도만 하면되는뎅 이게 애벌인가', '개웃기다 너 어떻게 본 거야 이거 식세기 서치하고 들어왔니?', '웅 식세기 사야되서 후기볼려고 검색한건데..? 왤케화났어', '내 말투 화나보였어?… 나 진짜 웃긴 건데', '엄청 웃고 댓글 단 건데… 화나 보였으면 미안 ㅎㅎ1년 전', '아 비꼬는줄알았어..내가 오해했네 미안해ㅜㅜ1년 전']",20210725,10대,인스티즈
우리집 이번에 비스포크로 싹 바꿨는데 가전제품이 인테리어가 되는줄 처음 알았음,냉장고랑 식기세척기샀는데 알록달록한게 이쁘더라근데 가격은 안 이쁨,[['인테리어 하는 내 입장에서 돈아깝긴 함']],20210723,10대,네이버카페
우리집만 식기 세척기 안쓰냐,"심지어 얼마전에 새걸로 또 바꿈..
걍 장식이야",[],20210721,10대,네이트판
카페 일바하는 익들 이거 다 공감할듯,내가 식기세척기 된 거 같음 식기세척기가 부업으로 음료 만드는 일 하는 거 같음 •••,"['맞아 ㅋㅋㅋㅋㅋ 일중 90% 설거지 하고 있어', '인정 마감알바익 공감합니다']",20210718,10대,인스티즈
알바하는 곳마다 위생상태가 에바야,원래 다 이런가? 외식 못 하겠네 어휴벌레붙어도 반죽 안 버리고 살짝 떼고 말고음식 손으로 그냥 막 담고수저 위생은 물론..식기세척기 돌ㄹㅣㄴ다고 다 깨끗해지는 게 아닌디 •••,['무슨가게였어?'],20210718,10대,인스티즈
설거지 1도 안하는데 식기세척기 살까..?,청소기도 안밀어서 로봇청소기 삼.. •••,"['웅', 'ㄱㄱㄱ']",20210717,10대,인스티즈
설거지할때 고무장갑 끼면 잘 안닦이지 않나,처음 설거지 해봤는데 손이 엄청 따갑더라고.. 아빠가 고무장갑 끼고해야지 하길래 껴봤는데 진짜 닦기 불편해.. 식기세척기를 하나 사야되나 •••,"['사쉴 그래서 나 맨손으로혀..ㅋㅋㅋ', '손 안따가워? 내 손이 유독 예민한건가ㅠ', '응응 안따거워 건조해질 뿐! 아니면 세제 좀 순한거 해도 좋고 아니면 그 얇은 장갑 써봐!', 'ㅇㅋㅇㅋ 함 찾아봐야겠다 고마워!!', '난 고무장갑이 미끄러지지 않게 잡아줘서 맨손보다 좋아', '고무장갑 사이즈 작은것도 있구나 첨 알앗다 알겠오!']",20210711,10대,인스티즈
익들아 이게 식기세척기야??,보니까 퐁퐁도 사용 안하고그냥 물 한번 쓰윽 헹구더니저기안에 쏘옥 넣던데저거 넣고 버튼 누르면 설거지 끝?이게 식기세척기랴는것이야? •••,"['웅', '아 ~~~ 난 퐁퐁까지 하고 식기세척기 이용하는쥴', '웅', '오케오케', '울 집은 완전히 믿지 못해서', '저기 안에 퐁퐁 넣는데 있움', '두번째 사진 보면 왼쪽 아래 회색 동그라미쪽에 세제 넣는겨']",20210711,10대,인스티즈
식기세척기를 사도 좋을게 하나도 없네 ㅠㅠㅠ,그냥 먹고난 그릇을 식기세척기에 넣기만 하면 될 줄 알았는데 알아보니까 기름기도 씻어내고 넣어야 되고 해서...일이 줄어든것 같지가 않아 •••,['난 그냥 건더기같은 것만 제거하고 넣는데 손설거지보다 좋아서 만족!'],20210704,10대,인스티즈
삼겹살집 딸래미.. 다른 고깃집 가면 청결상태 한눈에 보는법,고기굽는 집게 안쪽 봄 기름진거 집는거+손님 고기 다먹고 후식 먹는동안 기름 다 식어서 굳었을때 상 치워서 가져가는거라 1차로 손설거지 하고 2차로 식기세척기 넣어도 기름 남아있는 경우 있음 이거 신경써서 다 닦을 정도로 깨끗한 집이면 다른 데는 안봐도 깨끗함ㅇㅇ카톡트위터 20 6 •••,"['오 꿀팁...', '와 완전 꿀팁이다 고마워', '근데 고기를 시켜야만 볼수있는게 안시캬고 볼수는 없나', '알바로 들어가...ㅋㅋㅋㅋㅋㅋㅋㅋㅋㅋ', 'ㅇㄱㄹㅇ ㅋㅋㅋㅋㅋㅋㅋㅋㅋ', '오.. 그러네. 완전 꿀팁이다...', '호올... 꿀팁 감사😘', '아 맞아 이거 인정 고기 구우면 진짜 안 지워져', 'ㅇㅈㅇㅈ 나도 삼겹살집 딸래미로서 집게랑 가위 이음새부분, 불판 구석 애벌세척 하고 주방으로 들고감 우리 집 매우청결~~~^', '꿀팁 고마워!', '나도 집에서 고기 많이 구워먹는 딸래미로서 매우 잘 알고 있는 부분. 역시 내 고기 경력 어디 안 간다', '개귀엽당ㅋㅋㅋㅋㅋㅋㅋㅋㅋㅋㅋㅋㅋㅋㅋㅋㅋㅋㅋㅋㅋ', '222', '나는 그냥 후드 안쪽 보는데..청결하다 아니다 보다는 그냥 습관됐어..', '나는 그 테이블에 가스 조절하는 곳 안에 본다 거기 안 닦는 가게들 진짜 많아', '여기 본문도 댓글도 다 귀여운 딸래미들이 많넼ㅋㅋㅋㅋ 꿀팁 참고하게써', '진짜 생활꿀팁이다 ㅋㅋㅋㅋㅋㅋ', '오 꿀팁 고마워 ㅎㅎ', '유용하다 집에 있는 집게들도보면 안쪽 더러운거 많아 설거지할때 닦아도 안쪽으로 구부러져있어서 끼이는거 있더라고!', '우와 꿀팁이다', '와 진짜 꿀팁 땡큐', '오 진짜 맞어!!! 거기 막 기름굳어있고 그런거본적있어서ㅠ', '오 진짜 그렇겠다 나도 이제부터 집게만 본다', '오 진짜 꿀팁이다']",20210701,10대,인스티즈
식기세척기 있는 익들 있니?,진짜 엄청 편해? 넣기만하면 뽀독뽀독 닦아주고 소독도 해주지? 요즘 설거지에 너무 짜증나서 진지하게 식기세척기 고민중 돈빡세게모아야지... •••,[],20210829,10대,인스티즈
난 결혼하려면 식기세척기 살 능력되야한다고 생각함,내 개인적인 측정요소이긴 한데...ㅋㅋ나는 식기세척기 못사면 결혼 못할거같음솔직히 설거지하는것도 싫고 설거지 때문에 싸우는것도 싫고 그렇다고 막 저렴한 금액은 아니잖아 또 내 인식에 돈있다고 여유부리면서 암 생각없이 살만한 가전은 아닌거 같아서 내기준 식기세척기 암생각 없이 산다 = 그래도 돈적으로나 시간적으로 심적으로 여유부릴수 있는 중산층 이란생각들어서그 경지(?) 다다르기 전까지는 결혼 안하고싶음.. •••,"['ㅋㅋㅋㅋㅋㅋㅋ 식기세척기가 문제랴 귀여운 생각이군', '식기세척기 싸']",20210826,10대,인스티즈
아빠한테 그게 꼰대 마인드라고 말해서 아빠가 개빡친 것 같은데 내가 잘못한 건지 좀 봐 주라,우리 집은 대대로 먹고 나서 바로바로 안 치워 그러다가 내가 올해부터 먹으면 좀 바로 치우자고(먹은 거 식탁에서 설거지 통에 가져다 놓기 / 설거지 많이 쌓이면 식세기에 넣기) 들들 볶았음오늘 저녁을 먹고 역시나 엄마 빼곤 다들 뿔뿔히 흩어짐(나는 따로 먹어서 내가 먹은 거 다 치운 상태고 아빠/동생/엄마 순으로 다 먹음)식탁에 반찬통들이랑 같이 먹은 메인 접시 남아있고 설거지 많이 쌓여있어서 우리 이제 같이 치우자~ 말함엄마랑 나랑 치움동생이랑 아빠 들으라고 식탁 정리하자 식기 세척기 돌려야 해~ 말함 아빠는 접시 하나 설거지 통에 집어놓고 다시 소파 가서 앉음동생이름 부르면서 oo아 치우자^^ 함화장실에서 잠깐만~ 외침아빠는 혼자서 폰 계속 보고 있길래 참다참다 내가 아빠 치면서 아빠는 왜 아무것도 안 해? 다들 하고 있잖아라고 함아빠: 아빠 혼자 할 때 너 안 한 적 있잖아나: 언제?아빠: (약간 장난식)어... 예~전에 ㅋㅋ나: 최근엔 없잖아 ㅋㅋ 최근으로 재야지 아빠는 항상 앉아있었잖아(밥 준비할 때 다들 먹을 준비하자고 하면 아빠만 가만히 식탁에 앉아서 혼자 기다리는 경우도 가끔 있음 엄마가 나랑 동생이 잘 못하는 일 시킬 때는 그거 하긴 하는데 수저 놓고 할 땐 가만히... 암튼 가만히 앉아만 있을 때 가끔 내가 이게 바로 가부장적 사회의 폐해라고 앉아있지만 말고 일어나서 밥 준비 좀 같이 하자고 웃으면서 진심 섞인 장난침)이런 식으로 흘러가면서 아빠가 자긴 왜 해야 하는지 모르겠다는 식으로 말함그래서 내가 집안일은 누구의 것도 아니고 우리 가족 구성원 모두가 해야 하는 건데 아빠만 쏙 빠지려고 하는 거는 꼰대 마인드다 그런 생각은 바꿔야 한다고 말함문 쾅 닫은 건 바람 때문이야! 이 재질로 그릇 안 조심히(우당탕탕) 옮기면서 식세기에 넣더니 원래는 나랑 아빠랑 가던 분리수거(오늘도 2명은 갈 정도로 쌓여있었음) 혼자 그걸 탑처럼 쌓아서 나가버림...아빠 나가니까 엄마는 아빠가 특정 행동을 시켜야 하는 사람이라고 그냥 정리 하자~ 이런 식이 아니라 설거지 해 줘 이런 식으로 부탁? 시키기? 를 해야 한대 그럼 꼭 내가 명령하는 꼴이나 내 일을 부탁하는 꼴이 되잖아 그래서 집안일은 우리 모두의 일인데 그렇게 하는 건 싫다고 자발적으로 해야 한다 생각한다고 말했어내가 예의없고 너무하게 말한 건가? 상황이 자세해야 할 것 같아서 이것저것 붙였더니 길어졌네빨래는 아빠가 전적으로 하고(토 일에 세탁기랑 건조기 돌리고 빨래 개기) 요리는 엄마가 하긴 함 나는 아침/점심 때 어지러진 집 치우고 정리함 아빠가 아예 안 하는 건 아닌데 맨날 밥 먹으려고 준비하고 치우는 거에 있어서 참여를 안 하려고 하니까 약간은 좀 짜증나 내가 잘못한 건가? 예의가 너무 없었어?? •••,"['아부지가 가부장적이신듯', '의견 고마워 ㅠㅜ', '내 마인드부터 고쳐야 하는 건가? ㅠㅠ 미쳐벌이겠음 난 아빠 좋은데 밥 관련 일만 빼면 다 좋음 나한테 여성사 책도 읽어보라고 재밌다고 함 내 주변에서 여성 인권 증진에 나 빼고 가장 관심 많은 사람임 근데 외... 외 그러는 건데']",20210825,10대,인스티즈
20살익 알바비 집안 빚갚는데 쓰면 나한테 미안한 일인가,이번달 월급 한 200 나올것같아...엄마 식기세척기 사주고 한 30정도 빚갚는데 쓰고 할머니들 50써거 보약 지어주려는데 이거 나한테 너무한짓인가 1 •••,"['딱 한번 하는 건 괜찮아 앞으로 돈 벌 날은 많으니까', '아니 쓰니가 쓰고싶은데쓰는건데 왜미안해??', '아니 내 미래한테 미안한 일인가해서..', '집이어려울때 몇번 마음쓰고 돈쓰는건 쓰니의미래에 큰지장없을거야!!', 'ㄴㄴ 쓰고 싶은 곳에 쓰는 거잖아 괜찮아']",20210821,10대,인스티즈
카페 알바생도 세대차이 있음😆,1세대 : 머그컵 사용 필수 이전세대-설거지거리 적었다고 함-쓰니는 이 세대 아니라 잘 모름2세대 : 카페 내 머그컵 필수 세대-드시고 가시나요? 필수-어우 설거지 거리 많어-식기세척기 체고-쓰니 세대3세대 : +큐알체크인(기타 등등) 필수 세대-큐알 체크인 부탁드려요~ (말 할 거리 추가)-나는 그래서 코로나초반에 한번씩 까먹어서 다시 부탁드림^^; •••,['3개다겪은나ㅠㅠㅠ'],20210818,10대,인스티즈
너네 유럽에서 설거지 어떻게 하는 줄 알아? 다소 충격적임,사진처럼 그 구멍막아서 뜨신 물 가득 채운 다음에 퐁퐁을 저렇게 풀어그리고 저기 접시를 담궈 그다음 설거지를 해그다음 보통 안 헹구고 이렇게 바로 닦음 좀 깔끔한 집은 물에 헹구기도 하더라 아니면 식기세척기 씀 나 이거 직관하고 충격받음..ㅎ 14 1 •••,"['참고로 유럽 다 그런지 모르겠는데 독일은 수도세가 진짜 비싸.. 샤워 우리나라처럼 하면 수도세 폭탄 맞음! 그래서 저런 설거지 문화가 생긴거 같음', '세제 사용법 저게 맞는거래!', '22', '물로 안헹구고 그냥 타올로 닦는게 맞는거야???', '앗 물에 세제 풀어서 쓰는 방법만 맞을걸..!? 헹궈야할듯 !!', '쟤네 수돗물은 석회가 많아서리..', '아니 아는데.. 나 독일 살아.. 그냥 충격이였다고.. 안 헹구고 바로 그 거품 그대로 있는데 그냥 닦음..', '상상이 안간다', '진짜 사진 그대로야 접시 닦을 때 거품만 없음', '헐???', '다음에 밥 먹을때 거품 그대로 먹는거 아님...? 환경에 좋다해도 세제 성분 그대로 먹는거 아닌가..', '근데 우리나라처럼 설거지 하는게 세제를 더 먹는대ㅠㅠㅠ', '엥? 왜??', '익78말 봐줘!', '엥..? 이건 아닌거같애 ', '222 어떻게 더 먹을 수가 있어', '우리는 물로 헹구고 바로 두니까? 저건 닦는 거니까 닦는 방법이 더 잘 닦인다는 거 아닐까 근데 나도 몰라 ㅎㅎ', '우리나라는 직접 세제로 문대는 방식이라 물로 헹궈도 많이 남는다고 들었음', '익78말 봐줘!', '진짜 신기하다 퐁퐁을 물에 풀어서 거기 담근것보다 수세미로 직접 마찰시켜 닦는거라 더 많이 흡수되는건가...? ㄷㄷ', '웅 그런가봐ㅜ 우리나라처럼 설거지하는 나라가 일본이구 그래서 일본이랑 우리나라가 세제를 많이 먹(eat)는다! 애초에 퐁퐁은 물에 희석해서 쓰는 용도로 나온거라 ㅠㅠ1년 전', '(본인이 직접 삭제한 댓글입니다)', '세제를 더 많이 사용한다는 의미 아닐까? 차가 기름 많이 먹는다 이것처럼', '문맥상 익9가 세제를 먹는다는 맥락으로 말해서 그건 아닌듯.....아니면 유럽쪽 세제가 우리나라 퐁퐁보다 성분이 약한감......🥲', '외국방식은 물에 세제를 푸는거라 그릇에 세제가 얼마 안묻는데 우리나라 방식은 직접 문지르는거라 많이 묻어서 물로 헹궈도 외국방식보다 세제가 많이 남는다는 럿 같더라구', '오!!!!', '맞아 우리는 퐁퐁 직접 수세미에 짜고 그릇에 문지르는거라 사실 헹궈도 그릇에 남아있대 실험한?거 찾아오려 했는데 못찾겠다 ㅠㅠ', '맞아 그래서 퐁퐁 사용방법에도 물에 풀어서 쓰라고 나와 있드라', '헐 나도 이거 들어봤엉 충격 ㅠ', '옛날엔 그랬는데 이제 우리나라에서 사용하는 세제는 지금 우리가 설거지하는 방법에 맞게 나와서 그렇지 않대!!', '저게 맞는 방법이라니...', '오 독-하! 나도 여기서 처음보고 충격 ㅋㅋㅋㅋㅋㅋㅋㅋ 아직도 충격이긴해 사실 ㅋㅋㅋㅋ', '오 독-하!! 진짴ㅋㅋㅋㅋㅋㅋㅋㅌㅋㅋㅌ 나 직관하고 충격받았잖아ㅋㅋㅋㅋㅋㅋㅋ', '그나마 식기세척기 돌리는 집은 괜찮은거 ㅇㅇ ㅋㅋㅋㅋㅋㅋㅋ 몇년째 살지만 아직도 적응이 안된다 ㅋㅋㅋㅋ', '와ㅋㅋㅋㅋㅋㅋ 진짜 식기세척기 필수임.. 필.수.', '댓글 삭제는 왜 하는거야..?', '근데 어차피 닦는거면 물로 헹구고 닦지 왜 그냥 거품을 닦을까', '석회수라 세제가 물로 안헹궈도 되게 나온댕', '오 그건 신기하다..', '수도세가 비싼게 좀 큰 이유인 듯', 'ㅇㅎ 물 아끼는 의미도 있구나!', '(본인이 직접 삭제한 댓글입니다)', '음 사바사인데 내가 본 경우는 보통 좀 심하면 미리 휴지(?)로 닦거나 앵간하면 그냥 넣어..', '우리나라는 양념이 많은 음식을 주로 먹는데 저긴 주로 빵이나 파스타같은 음식을 먹으니까 저렇게 대충? 해도 되는 곤가?', '서양?은 양치할때도 입 물로 안행구잖아. 비슷한 맥락일듯.', '헐 어느나라??.?미국은 입 헹구던데', '내가 아는건 영국쪽인데 영국 안에서도 분분하긴 한가봐! 입을 헹구면 충치예방 효과가 떨어진다는 논문? 조사?같은 것도 있대!', '헐 그럼그냥 거품삼키는거야????? 안찝찝하나????', '대박... 연마제때문에 우리나라는 최소 10번 헹구라고 권장하던데', '우리나라 치약이랑 성분이 달라ㅋㅋ 안 헹궈야 더 좋은 효과를 보는 치약이 있엉', '홀랭... 그럼 우리나라도 그거 팔면 안되는 건가... 나 맨날 덜 헹구고 왠지 찝찝', '헐 신기하다', '거품있는 상태에서 맨행주로 닦는다는거아녀? 충격', '마자.. 바짝마른 맨행주', '오마이갓.. 근데 어디서 보니까 미국인가? 어떤 사람들은 칫솔질 하고 물로 안헹군데', '물로 헹구면 석회수때문에 하얗게 된다고 본거 같은데', '문화차이', '역시 난 우리나라가 젤 잘맞는거 같다..', '난 어떤 유투버때문에 세제 살때 봤는데 거의 다 희석해서 쓰라고 써있더라..', 'ㄴ..나는 못살긋다..', '참고로 유럽 다 그런지 모르겠는데 독일은 수도세가 진짜 비싸.. 샤워 우리나라처럼 하면 수도세 폭탄 맞음! 그래서 저런 설거지 문화가 생긴거 같음', '그럼 샤워는 어케 행??', '어 내가 남이 샤워하는 걸 보진 못 했는데 걔들 우리나라처럼 막 매일매일 샤워하진 않아', '헐 근데 안그래도 암내 이런거 심하지 않나..?', '걔네 그래서 데오로 샤워해.. 진짜 하루에 수십번을 뿌림 체육하고 나서는 기본이고 여름에는 그냥 향수마냥 뿌림 오이향 데오 뿌리는 애 보고 기절함', '오…와 다른나라 문화 사소한거 다른거 아는게 젤 재밌어..1년 전', '나도 저거 궁금했는데 내가 가본 집들은 다 식기세척기 써서 못봤다 ㅠ', '나도 기숙사에 식기세척기 고장나서 말로만 듣던 저 설거지를 한번 목격했는데 진짜더라고ㅋㅋㅋㅋㅋㅋㅋㅋㅋㅋ 난 농담하는 줄..아라써..', '21세긴데 빨리 석회수 99.9% 정화 기계 이과가 발명해야 한다', '헐...', '저게 더 퐁퐁 깔끔하게 씻긴다고 들었음! 우리나라 설거지방식이 오히려 세제 더 안 씻긴대', '22', '333 저게 세제가 더 깨끗하게 닦인대 잘 모르면서 무작정 더럽다 하는건 좀,,', '맞아 나도 영국 살 때 친구들이 저렇게 씻길래 문화충격받음 지금은 별생각없다', '워터리스 샴푸 같은건가', '퀸즈겜빗에서 보고 좀 충격', '영국도그럼... 나예전에 알바하던식당 그렇게 설거지 했어씀... 시키니까그렇게했지 난 절대집에서 그렇게안함 ㅠ', '밥같이 눌어붙는게 없어서그런감', '아 그러게 고춧가루같은 거도 잘 안먹을테고…단박에 이해감', '아직도 충격임 ㅜㅜ...', '내 생각이지만 주방세제 각 나라 상황에 맞춰 만들어지지 않았을까 싶어... 우리나라는 우리나라 상황에 맞게 저 나라는 저 나라 상황에 맞게', '헐 나 드라마에서만 봤는데 신기하다!', '저거 티비에서 실험한거 있었는데 퐁퐁 진짜 오래 깨끗하게 씻어도 남아있어서 잘 씻어야 한다고 했음 …ㅜ', '헐 마쟈마쟈 나도 스펀지에서 예전에 봤어…..', '저거 세재가 다르다고 들었는데', '뉴질랜드 살았던 익인데 거기서도 그랬음 ', '22 나는 홈스테이에서 내가 직접 했는데 진짜 개충격받라ㅛ어', '내가,, 세제 성분을 보진 않아서 모르겠지만 다들 건강하게 잘 사는거보면 익들이 맞을 듯! 근데 접시 더러워도 걍 쓰는 경우 많아..^^', '어쩐지 유럽여행갔을때 접시에서 비린내 엄청 나더라..', '그냥 거기가 더러웟던건가', '저긴 우리랑 먹는 것도 달라서 그런듯', 'ㅁㅈ 보통 빵먹고 이러니까 대부분은 부스러기로 끝나 점심 먹을때가 문제인데 그래봤자 한국의 쌀의 찐득함과 소스와는 거리가 멀지', '으악 ....', '물은 확실히 아낄듯...', '우리은습식이구 저쪽은 건식이라 괜찮을걸?', '그래서 외국으로 시집간 한국인들은 본인들이 설거지 맡아서 한다는 글 본 적 있음 ㅠㅠㅠㅠㅠ', '나도 독일 살다 왔는데 k-깔끔러는 용납할 수없어서 꿋꿋이 우리나라식으로 설거지함ㅋㅋㅋㅋ', '근데 저게 맞는 방식이라고 듣긴했어... 그래도 불가능ㅋㅋㅋㅋㅋㅋ', '헐 혹시 쓰니야 이 글이랑은 상관없지만 내가 독일에 관심이 있어서 그런데 질문해도 될까?', '응응', '독일어 공부 어떻게 했니? 혼자 독일어 유튭보면서 대강 눈에 익히는 완전 왕초보 단계인데 항상 영상 첫시작이 왜 독일어 배우냐고..왜 힘든길을 찾아왔냐 이런식이거든 나는 그냥 독일에 흥미가 생겨서 독일어에 자연스리 접근한건데🥲 아아 말이 길어졌다 다시 말하자면, 독일어가 (내 느낌상) 많이 비주류인 것 같아서 그런가 독일어에 대한 콘텐츠도 유튭엔 많이 없던데 넌 어떻게 공부했니!! 먼저 배우신 분의 경험이 궁금해🥺', '아 우선 나는 조기유학이야 고1때 갔고 가서 1년 현지 어학원 다녔어! 출국하기 1-2달전에 독일어학원 다녔는데 사실 별 도움은 안 됐어.. 사실 진짜 매일 듣고 사는게 가장 중요한 거 같아 dw 뉴스랑 독일도 유튜버 되게 많거든? 그거 못 알아들어도 계속 그냥 틀어놓고 귀 트이게 하는게 베스트같아 그리고 개인적으로 독일어 어학시험 공부도 하면 단어도 어쩔 수 없이 외우고 하니까 좋을 거 같아 맞아 독일어에 대한 컨텐츠가 없어 그래서 진짜 그냥 독일 유튜브를 봐야해 나는 한국에서 공부를 많이 하고간 케이스가 아니라서 딱히 도움이 안 될 거 같아..ㅠㅠㅠㅠ', '오호 글쿠나 내가 개발새발 적어서 다시 수정해서 적어야하나 고민했는데..ㅋㅋㅋ 고마워 덕분에 하나 알아간다!!!!', '할?! 나 독일에서 학교 다닐땐 애들 다 그냥 한국처럼 설거지하던데 뭐지 지역마다 다른가??', '기숙사야???!', '우웅ㅇ! 아 긱사에 식기세척기가ㅜ없어서 다들 그냥 했나??', '독일애들 유럽애들 인도애들(젤많음ㅋㅋㅋ) 하튼 다 섞여있었는데 다 똑같이 설거지했었오!', '기숙사는 대부분 어차피 학생들이 기숙사비 내고 수도세 추가 납부 안 하지 않아?? 그래서 막 썼을 수도ㅋㅋㅋ 나도 한국식 설거지했어 식기세척기 쓰거나 고장났을 때', '어어 마저 수도세 따로 안내징! ㅇ오 그래서 다들 그냥한거구나 수도세 비싼쥴 몰랐어 ㅋㅌㅋㅋㅋㅋㅋ', '기숙사 이럴 때 좋아ㅋㅋㅋㅋㅋ 샤워도 수도세 걱정없이 맘껏!!!!1년 전', '맞어 예전에 티비에서 봤어... 보고 충격받아서 아직도 기억남ㅋㅋㅋㅋㅋㅋ', '물로 뽀득뽀득 헹궈줘야할거같은 느낌', '프랑스에서 1년 살았는데 왜 몰랐지ㅋㅋㅋㅋ 충격적이야', '헉..샤워 자주하면 물세폭탄 맞는다능 것두 충격......한국인은 어케 살어... ??', '난 기숙사 살았는데 기숙사는 아마 정부에서 수도세 전기세 지원 받는 걸로 알거든 쨋든 걱정 없이 막 써도 돼서 나는 막 쓰고 살았어ㅋㅋㅋㅋㅋㅋㅋ 그냥 집에 살면 퀵샤워해야해..', '근데 살다보면 다 적응되긴 해ㅋㅋㅋㅋㅋㅋ', '석회수때문에 저렇게 한다고 본것같은데 아닌가', '물에 풀어서 하는건 좋은데 헹구지도 않고 마른행주로 닦으면 그게 맞나 ㅜㅜㅜㅜ..', 'Wow 신기하다', '아 ㅔ 난 이거 넷플 드라마로 보고 충격이었지..', '근데 저렇게 하면 기름기도 다 씻기나? 그리고 행주 쓰다보면 다 젖는데 바꿔가면서 닦아??', '응응 여러장있어 행주는 기본으로 많게는 몇십장씩 있긴 해', '근데 식기세척기 쓰는 집도 엄청 많아서!', '오 궁금했당 고마워!', '음식 차이도 있지않을까 저긴 약간 레토르트 느낌으로 흐물흐물하니깐 되는거고 ', '물에 뭐가 많아서 라고 알고 있는데', '', '잉 머지 나 유럽 살았을 때는 다 한국처럼 설거지 하던데…? 한 번도 저렇게 하는 거 본 적 없음…', '미국익 요리학교 다니는데 우리도 설거지 저리햌ㅋㅋㅋㅋㅋ', 'ㄹㅇ 영국가서 유스호스텔 식당 직원들 저렇게 닦는거 보고 기절함', '충격', '갑자기 샤워하고싶어', '나 식당 설거지 알바할때 저랬는데', '저게 더 빨리 돼 우리 가정집에서 하는 것 처럼 하면 느려', '헐 그래도 헹구는게 깨끗하지 않나']",20210808,10대,인스티즈
식기세척기 있으면 설거지 아예 안해도돼??,?? •••,"['대충 물로 씻어내야 행', '식바식', '아니 애벌해야함']",20210807,10대,인스티즈
식기세척기 그냥 물로만 더러운거 헹구고 넣어도,되쥬? 알바에서 거품내고 넣거든... 사장한테 건의해도 될라나 넘 대드는거 같을까🤨 •••,[],20210925,10대,인스티즈
엄마 우리 이제 꽃길만 걷자,우리집 전형적인 가난한데 엄청 심한 가부장적인 집안...아빠의 취미는 엄마 시켜서 대리효도 시키는 그런 뻔한 집안아빠가 엄마 생일 챙겨주는거 한번도 못봄솔직히 케이크 하나 사주고 꽃 한송이 사와서 생일축하해~ 한마디면 될걸 그것도 한번도 해주는거 못봄둘다 일하는데 아빠는 한번도 밥상 지 손으로 차린적 없음야식 먹을때도 엄마시키고 설거지까지도 엄마가 함..나 그래서 성인 되고 돈 벌자마자 엄마보고 이혼하라고 설득해서돈 모아서 식기세척기 사고 건조기 사고 로봇 청소기 삼벌이도 시원찮은데 아빠가 낚시랑 당구에 집착해서 거기에 우리집 예산의 80%를 씀..엄마 한번도 침대 써본적 없고 맨날 나 학교 가면 엄마가 온집안의 이불 다 개고 펴고 청소 다했어서침대도 매트리스 나름 좋은걸로 사드렸어고작 박봉의 직장인이지만 엄마를 위해서라면 아깝지 않다결혼 반지 한번도 껴본적 없고 반지에 대한 로망은 있으신지 맨날길가다가 반지만 보면 예쁘다고 한참 만지작 했고그렇게 만원짜리 실반지 하나사서 그거 끼고 다녔는데나 돈 또 모았어이번 생일땐 반지 사줄게!우리집안에 남자하나만 사라졌을뿐인데 행복한 일만 계속 생기네앞으로도 우리끼리 재밌게 살자 •••,['많이 많이 응원할게. 이미 행복한 사람같지만 앞으로 더 더 행복해지기를..!! 니가 최고야. 너무너무 예쁘고 멋있는 사람ㅎㅎㅎ'],20210923,10대,인스티즈
나 독립하면 집에 꼭 사두고 싶은거,건조기스타일러식기세척기음쓰건조기로봇청소기(물걸레용까지 두개)크고 좋은 오븐 •••,[],20210922,10대,인스티즈
